{
	"credit": "Made with Blockbench",
	"textures": {
		"particle": "custom/item/sets/cake/shield"
	},
	"elements": [
		{
			"name": "shield",
			"from": [-1, -3, -5],
			"to": [1, 3, 1],
			"rotation": {"angle": 0, "axis": "y", "origin": [0, 0, 2]},
			"faces": {
				"north": {"uv": [10, 1.5, 10.5, 3], "texture": "#particle"},
				"east": {"uv": [6.5, 1.5, 8, 3], "texture": "#particle"},
				"south": {"uv": [8, 1.5, 8.5, 3], "texture": "#particle"},
				"west": {"uv": [6.5, 1.5, 8, 3], "texture": "#particle"},
				"up": {"uv": [8, 0, 8.5, 1.5], "texture": "#particle"},
				"down": {"uv": [8.5, 0, 9, 1.5], "texture": "#particle"}
			}
		},
		{
			"name": "shield",
			"from": [-6, -11, 1],
			"to": [6, 11, 2],
			"rotation": {"angle": 0, "axis": "y", "origin": [0, 0, 2]},
			"faces": {
				"north": {"uv": [6.5, 0.25, 3.5, 5.75], "texture": "#particle"},
				"east": {"uv": [0.25, 0.25, 0, 5.75], "texture": "#particle"},
				"south": {"uv": [3.25, 0.25, 0.25, 5.75], "texture": "#particle"},
				"west": {"uv": [3.5, 0.25, 3.25, 5.75], "texture": "#particle"},
				"up": {"uv": [3.25, 0, 0.25, 0.25], "texture": "#particle"},
				"down": {"uv": [6.25, 0, 3.25, 0.25], "texture": "#particle"}
			}
		}
	],
	"gui_light": "front",
	"overrides": [
		{
			"predicate": {
				"blocking": 1
			},
			"model": "custom/item/sets/panda/shield_blocking"
		}
	],
	"display": {
		"thirdperson_righthand": {
			"rotation": [45, 135, 0],
			"translation": [3.51, 11, -2]
		},
		"thirdperson_lefthand": {
			"rotation": [45, 135, 0],
			"translation": [13.51, 3, 5]
		},
		"firstperson_righthand": {
			"rotation": [0, 180, -5],
			"translation": [-15, 5, -11],
			"scale": [1.25, 1.25, 1.25]
		},
		"firstperson_lefthand": {
			"rotation": [0, 180, -5],
			"translation": [5, 5, -11],
			"scale": [1.25, 1.25, 1.25]
		},
		"gui": {
			"rotation": [15, -25, -5],
			"translation": [2, 3, 0],
			"scale": [0.65, 0.65, 0.65]
		}
	},
	"groups": [
		{
			"name": "shield",
			"origin": [0, 11, 1],
			"color": 0,
			"children": [0, 1]
		}
	]
}