{
	"credit": "Made with Blockbench",
	"textures": {
		"0": "custom/item/sets/drowned/sword",
		"1": "custom/item/sets/drowned/kelp",
		"particle": "custom/item/sets/drowned/sword"
	},
	"elements": [
		{
			"name": "sword_0",
			"from": [10, 11, 8],
			"to": [18, 12, 9],
			"rotation": {"angle": 0, "axis": "z", "origin": [11, 0, 9]},
			"faces": {
				"north": {"uv": [6.5, 11.5, 6, 7.5], "rotation": 90, "texture": "#0"},
				"east": {"uv": [6, 7.5, 6.5, 8], "rotation": 270, "texture": "#0"},
				"south": {"uv": [6.5, 7.5, 6, 11.5], "rotation": 90, "texture": "#0"},
				"west": {"uv": [6.5, 11, 6, 11.5], "rotation": 90, "texture": "#0"},
				"up": {"uv": [6.5, 7.5, 6, 11.5], "rotation": 90, "texture": "#0"},
				"down": {"uv": [6.5, 7.5, 6, 11.5], "rotation": 90, "texture": "#0"}
			}
		},
		{
			"name": "sword_1",
			"from": [11, 12, 8],
			"to": [17, 13, 9],
			"rotation": {"angle": 0, "axis": "z", "origin": [11, 0, 9]},
			"faces": {
				"north": {"uv": [7, 11, 6.5, 8], "rotation": 90, "texture": "#0"},
				"east": {"uv": [6.5, 8, 7, 8.5], "rotation": 270, "texture": "#0"},
				"south": {"uv": [7, 8, 6.5, 11], "rotation": 90, "texture": "#0"},
				"west": {"uv": [7, 10.5, 6.5, 11], "rotation": 90, "texture": "#0"},
				"up": {"uv": [7, 8, 6.5, 11], "rotation": 90, "texture": "#0"},
				"down": {"uv": [7, 8, 6.5, 11], "rotation": 90, "texture": "#0"}
			}
		},
		{
			"name": "sword_2",
			"from": [12, 13, 8],
			"to": [16, 14, 9],
			"rotation": {"angle": 0, "axis": "z", "origin": [11, 0, 9]},
			"faces": {
				"north": {"uv": [7.5, 10.5, 7, 8.5], "rotation": 90, "texture": "#0"},
				"east": {"uv": [7, 8.5, 7.5, 9], "rotation": 270, "texture": "#0"},
				"south": {"uv": [7.5, 8.5, 7, 10.5], "rotation": 90, "texture": "#0"},
				"west": {"uv": [7.5, 10, 7, 10.5], "rotation": 90, "texture": "#0"},
				"up": {"uv": [7.5, 8.5, 7, 10.5], "rotation": 90, "texture": "#0"},
				"down": {"uv": [7.5, 8.5, 7, 10.5], "rotation": 90, "texture": "#0"}
			}
		},
		{
			"name": "sword_4",
			"from": [9, 10, 8],
			"to": [14, 11, 9],
			"rotation": {"angle": 0, "axis": "z", "origin": [11, 0, 9]},
			"faces": {
				"north": {"uv": [6, 12, 5.5, 9.5], "rotation": 90, "texture": "#0"},
				"east": {"uv": [5.5, 9.5, 6, 10], "rotation": 270, "texture": "#0"},
				"south": {"uv": [6, 9.5, 5.5, 12], "rotation": 90, "texture": "#0"},
				"west": {"uv": [6, 11.5, 5.5, 12], "rotation": 90, "texture": "#0"},
				"up": {"uv": [6, 9.5, 5.5, 12], "rotation": 90, "texture": "#0"},
				"down": {"uv": [6, 9.5, 5.5, 12], "rotation": 90, "texture": "#0"}
			}
		},
		{
			"name": "sword_6",
			"from": [8, 9, 8],
			"to": [12, 10, 9],
			"rotation": {"angle": 0, "axis": "z", "origin": [11, 0, 9]},
			"faces": {
				"north": {"uv": [5.5, 12.5, 5, 10.5], "rotation": 90, "texture": "#0"},
				"east": {"uv": [5, 10.5, 5.5, 11], "rotation": 270, "texture": "#0"},
				"south": {"uv": [5.5, 10.5, 5, 12.5], "rotation": 90, "texture": "#0"},
				"west": {"uv": [5.5, 12, 5, 12.5], "rotation": 90, "texture": "#0"},
				"up": {"uv": [5.5, 10.5, 5, 12.5], "rotation": 90, "texture": "#0"},
				"down": {"uv": [5.5, 10.5, 5, 12.5], "rotation": 90, "texture": "#0"}
			}
		},
		{
			"name": "sword_7",
			"from": [7, 8, 8],
			"to": [11, 9, 9],
			"rotation": {"angle": 0, "axis": "z", "origin": [11, 0, 9]},
			"faces": {
				"north": {"uv": [5, 13, 4.5, 11], "rotation": 90, "texture": "#0"},
				"east": {"uv": [4.5, 11, 5, 11.5], "rotation": 270, "texture": "#0"},
				"south": {"uv": [5, 11, 4.5, 13], "rotation": 90, "texture": "#0"},
				"west": {"uv": [5, 12.5, 4.5, 13], "rotation": 90, "texture": "#0"},
				"up": {"uv": [5, 11, 4.5, 13], "rotation": 90, "texture": "#0"},
				"down": {"uv": [5, 11, 4.5, 13], "rotation": 90, "texture": "#0"}
			}
		},
		{
			"name": "sword_10",
			"from": [6, 7, 8],
			"to": [10, 8, 9],
			"rotation": {"angle": 0, "axis": "z", "origin": [11, 0, 9]},
			"faces": {
				"north": {"uv": [4.5, 13.5, 4, 11.5], "rotation": 90, "texture": "#0"},
				"east": {"uv": [4, 11.5, 4.5, 12], "rotation": 270, "texture": "#0"},
				"south": {"uv": [4.5, 11.5, 4, 13.5], "rotation": 90, "texture": "#0"},
				"west": {"uv": [4.5, 13, 4, 13.5], "rotation": 90, "texture": "#0"},
				"up": {"uv": [4.5, 11.5, 4, 13.5], "rotation": 90, "texture": "#0"},
				"down": {"uv": [4.5, 11.5, 4, 13.5], "rotation": 90, "texture": "#0"}
			}
		},
		{
			"name": "sword_11",
			"from": [3, 6, 8],
			"to": [9, 7, 9],
			"rotation": {"angle": 0, "axis": "z", "origin": [11, 0, 9]},
			"faces": {
				"north": {"uv": [4, 15, 3.5, 12], "rotation": 90, "texture": "#0"},
				"east": {"uv": [3.5, 12, 4, 12.5], "rotation": 270, "texture": "#0"},
				"south": {"uv": [4, 12, 3.5, 15], "rotation": 90, "texture": "#0"},
				"west": {"uv": [4, 14.5, 3.5, 15], "rotation": 90, "texture": "#0"},
				"up": {"uv": [4, 12, 3.5, 15], "rotation": 90, "texture": "#0"},
				"down": {"uv": [4, 12, 3.5, 15], "rotation": 90, "texture": "#0"}
			}
		},
		{
			"name": "sword_12",
			"from": [3, 3, 8],
			"to": [8, 4, 9],
			"rotation": {"angle": 0, "axis": "z", "origin": [11, 0, 9]},
			"faces": {
				"north": {"uv": [2.5, 15, 2, 12.5], "rotation": 90, "texture": "#0"},
				"east": {"uv": [2, 12.5, 2.5, 13], "rotation": 270, "texture": "#0"},
				"south": {"uv": [2.5, 12.5, 2, 15], "rotation": 90, "texture": "#0"},
				"west": {"uv": [2.5, 14.5, 2, 15], "rotation": 90, "texture": "#0"},
				"up": {"uv": [2.5, 12.5, 2, 15], "rotation": 90, "texture": "#0"},
				"down": {"uv": [2.5, 12.5, 2, 15], "rotation": 90, "texture": "#0"}
			}
		},
		{
			"name": "sword_13",
			"from": [4, 5, 8],
			"to": [8, 6, 9],
			"rotation": {"angle": 0, "axis": "z", "origin": [11, 0, 9]},
			"faces": {
				"north": {"uv": [3.5, 14.5, 3, 12.5], "rotation": 90, "texture": "#0"},
				"east": {"uv": [3, 12.5, 3.5, 13], "rotation": 270, "texture": "#0"},
				"south": {"uv": [3.5, 12.5, 3, 14.5], "rotation": 90, "texture": "#0"},
				"west": {"uv": [3.5, 14, 3, 14.5], "rotation": 90, "texture": "#0"},
				"up": {"uv": [3.5, 12.5, 3, 14.5], "rotation": 90, "texture": "#0"},
				"down": {"uv": [3.5, 12.5, 3, 14.5], "rotation": 90, "texture": "#0"}
			}
		},
		{
			"name": "sword_15",
			"from": [4, 4, 8],
			"to": [7, 5, 9],
			"rotation": {"angle": 0, "axis": "z", "origin": [11, 0, 9]},
			"faces": {
				"north": {"uv": [3, 14.5, 2.5, 13], "rotation": 90, "texture": "#0"},
				"east": {"uv": [2.5, 13, 3, 13.5], "rotation": 270, "texture": "#0"},
				"south": {"uv": [3, 13, 2.5, 14.5], "rotation": 90, "texture": "#0"},
				"west": {"uv": [3, 14, 2.5, 14.5], "rotation": 90, "texture": "#0"},
				"up": {"uv": [3, 13, 2.5, 14.5], "rotation": 90, "texture": "#0"},
				"down": {"uv": [3, 13, 2.5, 14.5], "rotation": 90, "texture": "#0"}
			}
		},
		{
			"name": "sword_17",
			"from": [2, 2, 8],
			"to": [5, 3, 9],
			"rotation": {"angle": 0, "axis": "z", "origin": [11, 0, 9]},
			"faces": {
				"north": {"uv": [2, 15.5, 1.5, 14], "rotation": 90, "texture": "#0"},
				"east": {"uv": [1.5, 14, 2, 14.5], "rotation": 270, "texture": "#0"},
				"south": {"uv": [2, 14, 1.5, 15.5], "rotation": 90, "texture": "#0"},
				"west": {"uv": [2, 15, 1.5, 15.5], "rotation": 90, "texture": "#0"},
				"up": {"uv": [2, 14, 1.5, 15.5], "rotation": 90, "texture": "#0"},
				"down": {"uv": [2, 14, 1.5, 15.5], "rotation": 90, "texture": "#0"}
			}
		},
		{
			"name": "sword_19",
			"from": [1, 1, 8],
			"to": [4, 2, 9],
			"rotation": {"angle": 0, "axis": "z", "origin": [11, 0, 9]},
			"faces": {
				"north": {"uv": [1.5, 16, 1, 14.5], "rotation": 90, "texture": "#0"},
				"east": {"uv": [1, 14.5, 1.5, 15], "rotation": 270, "texture": "#0"},
				"south": {"uv": [1.5, 14.5, 1, 16], "rotation": 90, "texture": "#0"},
				"west": {"uv": [1.5, 15.5, 1, 16], "rotation": 90, "texture": "#0"},
				"up": {"uv": [1.5, 14.5, 1, 16], "rotation": 90, "texture": "#0"},
				"down": {"uv": [1.5, 14.5, 1, 16], "rotation": 90, "texture": "#0"}
			}
		},
		{
			"name": "sword_20",
			"from": [1, 0, 8],
			"to": [3, 1, 9],
			"rotation": {"angle": 0, "axis": "z", "origin": [11, 0, 9]},
			"faces": {
				"north": {"uv": [1, 16, 0.5, 15], "rotation": 90, "texture": "#0"},
				"east": {"uv": [0.5, 15, 1, 15.5], "rotation": 270, "texture": "#0"},
				"south": {"uv": [1, 15, 0.5, 16], "rotation": 90, "texture": "#0"},
				"west": {"uv": [1, 15.5, 0.5, 16], "rotation": 90, "texture": "#0"},
				"up": {"uv": [1, 15, 0.5, 16], "rotation": 90, "texture": "#0"},
				"down": {"uv": [1, 15, 0.5, 16], "rotation": 90, "texture": "#0"}
			}
		},
		{
			"name": "sword_21",
			"from": [2, 5, 8],
			"to": [3, 6, 9],
			"rotation": {"angle": 0, "axis": "z", "origin": [11, 0, 9]},
			"faces": {
				"north": {"uv": [3.5, 15.5, 3, 15], "rotation": 90, "texture": "#0"},
				"east": {"uv": [3, 15, 3.5, 15.5], "rotation": 270, "texture": "#0"},
				"south": {"uv": [3.5, 15, 3, 15.5], "rotation": 90, "texture": "#0"},
				"west": {"uv": [3.5, 15, 3, 15.5], "rotation": 90, "texture": "#0"},
				"up": {"uv": [3.5, 15, 3, 15.5], "rotation": 90, "texture": "#0"},
				"down": {"uv": [3.5, 15, 3, 15.5], "rotation": 90, "texture": "#0"}
			}
		},
		{
			"from": [-1, 0, 9.009],
			"to": [15, 16, 9.009],
			"faces": {
				"north": {"uv": [8, 8, 0, 0], "rotation": 90, "texture": "#1"},
				"east": {"uv": [0, 0, 16, 0], "rotation": 270, "texture": "#missing"},
				"south": {"uv": [0, 8, 8, 0], "rotation": 270, "texture": "#1"},
				"west": {"uv": [0, 0, 16, 0], "rotation": 270, "texture": "#missing"},
				"up": {"uv": [0, 0, 0, 16], "rotation": 270, "texture": "#missing"},
				"down": {"uv": [0, 0, 0, 16], "rotation": 270, "texture": "#missing"}
			}
		},
		{
			"from": [3, 3, 7.99],
			"to": [19, 19, 7.99],
			"faces": {
				"north": {"uv": [16, 16, 8, 8], "rotation": 90, "texture": "#1"},
				"east": {"uv": [0, 0, 16, 0], "rotation": 270, "texture": "#missing"},
				"south": {"uv": [8, 16, 16, 8], "rotation": 270, "texture": "#1"},
				"west": {"uv": [0, 0, 16, 0], "rotation": 270, "texture": "#missing"},
				"up": {"uv": [0, 0, 0, 16], "rotation": 270, "texture": "#missing"},
				"down": {"uv": [0, 0, 0, 16], "rotation": 270, "texture": "#missing"}
			}
		}
	],
	"gui_light": "front",
	"display": {
		"thirdperson_righthand": {
			"rotation": [0, -90, 55],
			"translation": [0, 4, 0.5],
			"scale": [0.85, 0.85, 0.85]
		},
		"thirdperson_lefthand": {
			"rotation": [0, 90, -55],
			"translation": [0, 4, 0.5],
			"scale": [0.85, 0.85, 0.85]
		},
		"firstperson_righthand": {
			"rotation": [0, -90, 25],
			"translation": [1.13, 3.2, 1.13],
			"scale": [0.68, 0.68, 0.68]
		},
		"firstperson_lefthand": {
			"rotation": [0, 90, -25],
			"translation": [1.13, 3.2, 1.13],
			"scale": [0.68, 0.68, 0.68]
		},
		"ground": {
			"translation": [0, 2, 0],
			"scale": [0.5, 0.5, 0.5]
		}
	},
	"groups": [
		{
			"name": "sword",
			"origin": [8, 8, 8],
			"color": 0,
			"children": [0, 1, 2, 3, 4, 5, 6, 7, 8, 9, 10, 11, 12, 13, 14]
		},
		15,
		16
	]
}