{
	"credit": "Made with Blockbench",
	"parent": "minecraft:item/handheld",
	"textures": {
		"layer0": "tydiumcraft:item/emerald_nugget"
	},
	"display": {
		"thirdperson_righthand": {
			"rotation": [-180, -90, 0],
			"translation": [0, 1.25, -0.75],
			"scale": [0.75, 0.75, 0.75]
		},
		"thirdperson_lefthand": {
			"rotation": [180, 90, 0],
			"translation": [0, 1.25, -0.75],
			"scale": [0.75, 0.75, 0.75]
		},
		"firstperson_righthand": {
			"rotation": [0, -90, 0],
			"translation": [0, 1, 0]
		},
		"firstperson_lefthand": {
			"rotation": [0, 90, 0],
			"translation": [0, 1, 0]
		},
		"ground": {
			"scale": [0.75, 0.75, 0.75]
		},
		"fixed": {
			"rotation": [0, -180, 0],
			"translation": [-0.5, 0, -0.25]
		}
	}
}