{
	"credit": "Made with Blockbench",
	"textures": {
		"2": "tydiumcraft:item/tool_sets/cookie/shield_model1",
		"3": "tydiumcraft:item/tool_sets/cookie/shield_model2",
		"particle": "tydiumcraft:item/tool_sets/cookie/shield"
	},
	"elements": [
		{
			"name": "shield",
			"from": [-1, -3, -5],
			"to": [1, 3, 1],
			"rotation": {"angle": 0, "axis": "y", "origin": [8, 0, 8]},
			"faces": {
				"north": {"uv": [10, 1.5, 10.5, 3], "texture": "#particle"},
				"east": {"uv": [6.5, 1.5, 8, 3], "texture": "#particle"},
				"south": {"uv": [8, 1.5, 8.5, 3], "texture": "#particle"},
				"west": {"uv": [6.5, 1.5, 8, 3], "texture": "#particle"},
				"up": {"uv": [8, 0, 8.5, 1.5], "texture": "#particle"},
				"down": {"uv": [8.5, 0, 9, 1.5], "texture": "#particle"}
			}
		},
		{
			"name": "shield_model1_0",
			"from": [-6, -8, 1],
			"to": [6, 5, 2],
			"faces": {
				"north": {"uv": [2, 13, 14, 0], "rotation": 180, "texture": "#2"},
				"east": {"uv": [13, 0, 14, 13], "texture": "#2"},
				"south": {"uv": [2, 0, 14, 13], "texture": "#2"},
				"west": {"uv": [2, 0, 3, 13], "texture": "#2"},
				"up": {"uv": [14, 0, 2, 1], "rotation": 180, "texture": "#2"},
				"down": {"uv": [2, 12, 14, 13], "texture": "#2"}
			}
		},
		{
			"name": "shield_model1_1",
			"from": [-5, -9, 1],
			"to": [5, -8, 2],
			"faces": {
				"north": {"uv": [3, 14, 13, 13], "rotation": 180, "texture": "#2"},
				"east": {"uv": [12, 13, 13, 14], "texture": "#2"},
				"south": {"uv": [3, 13, 13, 14], "texture": "#2"},
				"west": {"uv": [3, 13, 4, 14], "texture": "#2"},
				"up": {"uv": [13, 13, 3, 14], "rotation": 180, "texture": "#2"},
				"down": {"uv": [3, 13, 13, 14], "texture": "#2"}
			}
		},
		{
			"name": "shield_model1_2",
			"from": [-4, -10, 1],
			"to": [4, -9, 2],
			"faces": {
				"north": {"uv": [4, 15, 12, 14], "rotation": 180, "texture": "#2"},
				"east": {"uv": [11, 14, 12, 15], "texture": "#2"},
				"south": {"uv": [4, 14, 12, 15], "texture": "#2"},
				"west": {"uv": [4, 14, 5, 15], "texture": "#2"},
				"up": {"uv": [12, 14, 4, 15], "rotation": 180, "texture": "#2"},
				"down": {"uv": [4, 14, 12, 15], "texture": "#2"}
			}
		},
		{
			"name": "shield_model1_3",
			"from": [-3, -11, 1],
			"to": [3, -10, 2],
			"faces": {
				"north": {"uv": [5, 16, 11, 15], "rotation": 180, "texture": "#2"},
				"east": {"uv": [10, 15, 11, 16], "texture": "#2"},
				"south": {"uv": [5, 15, 11, 16], "texture": "#2"},
				"west": {"uv": [5, 15, 6, 16], "texture": "#2"},
				"up": {"uv": [11, 15, 5, 16], "rotation": 180, "texture": "#2"},
				"down": {"uv": [5, 15, 11, 16], "texture": "#2"}
			}
		},
		{
			"name": "shield_model2_0",
			"from": [-3, 5, 1],
			"to": [3, 11, 2],
			"faces": {
				"north": {"uv": [5, 16, 11, 10], "rotation": 180, "texture": "#3"},
				"east": {"uv": [10, 10, 11, 16], "texture": "#3"},
				"south": {"uv": [5, 10, 11, 16], "texture": "#3"},
				"west": {"uv": [5, 10, 6, 16], "texture": "#3"},
				"up": {"uv": [11, 10, 5, 11], "rotation": 180, "texture": "#3"},
				"down": {"uv": [5, 15, 11, 16], "texture": "#3"}
			}
		},
		{
			"name": "shield_model2_1",
			"from": [-4, 5, 1],
			"to": [-3, 10, 2],
			"faces": {
				"north": {"uv": [4, 16, 5, 11], "rotation": 180, "texture": "#3"},
				"east": {"uv": [4, 11, 5, 16], "texture": "#3"},
				"south": {"uv": [4, 11, 5, 16], "texture": "#3"},
				"west": {"uv": [4, 11, 5, 16], "texture": "#3"},
				"up": {"uv": [5, 11, 4, 12], "rotation": 180, "texture": "#3"},
				"down": {"uv": [4, 15, 5, 16], "texture": "#3"}
			}
		},
		{
			"name": "shield_model2_2",
			"from": [3, 5, 1],
			"to": [4, 10, 2],
			"faces": {
				"north": {"uv": [11, 16, 12, 11], "rotation": 180, "texture": "#3"},
				"east": {"uv": [11, 11, 12, 16], "texture": "#3"},
				"south": {"uv": [11, 11, 12, 16], "texture": "#3"},
				"west": {"uv": [11, 11, 12, 16], "texture": "#3"},
				"up": {"uv": [12, 11, 11, 12], "rotation": 180, "texture": "#3"},
				"down": {"uv": [11, 15, 12, 16], "texture": "#3"}
			}
		},
		{
			"name": "shield_model2_3",
			"from": [-5, 5, 1],
			"to": [-4, 9, 2],
			"faces": {
				"north": {"uv": [3, 16, 4, 12], "rotation": 180, "texture": "#3"},
				"east": {"uv": [3, 12, 4, 16], "texture": "#3"},
				"south": {"uv": [3, 12, 4, 16], "texture": "#3"},
				"west": {"uv": [3, 12, 4, 16], "texture": "#3"},
				"up": {"uv": [4, 12, 3, 13], "rotation": 180, "texture": "#3"},
				"down": {"uv": [3, 15, 4, 16], "texture": "#3"}
			}
		},
		{
			"name": "shield_model2_4",
			"from": [4, 5, 1],
			"to": [5, 9, 2],
			"faces": {
				"north": {"uv": [12, 16, 13, 12], "rotation": 180, "texture": "#3"},
				"east": {"uv": [12, 12, 13, 16], "texture": "#3"},
				"south": {"uv": [12, 12, 13, 16], "texture": "#3"},
				"west": {"uv": [12, 12, 13, 16], "texture": "#3"},
				"up": {"uv": [13, 12, 12, 13], "rotation": 180, "texture": "#3"},
				"down": {"uv": [12, 15, 13, 16], "texture": "#3"}
			}
		},
		{
			"name": "shield_model2_5",
			"from": [-6, 5, 1],
			"to": [-5, 8, 2],
			"faces": {
				"north": {"uv": [2, 16, 3, 13], "rotation": 180, "texture": "#3"},
				"east": {"uv": [2, 13, 3, 16], "texture": "#3"},
				"south": {"uv": [2, 13, 3, 16], "texture": "#3"},
				"west": {"uv": [2, 13, 3, 16], "texture": "#3"},
				"up": {"uv": [3, 13, 2, 14], "rotation": 180, "texture": "#3"},
				"down": {"uv": [2, 15, 3, 16], "texture": "#3"}
			}
		},
		{
			"name": "shield_model2_6",
			"from": [5, 5, 1],
			"to": [6, 8, 2],
			"faces": {
				"north": {"uv": [13, 16, 14, 13], "rotation": 180, "texture": "#3"},
				"east": {"uv": [13, 13, 14, 16], "texture": "#3"},
				"south": {"uv": [13, 13, 14, 16], "texture": "#3"},
				"west": {"uv": [13, 13, 14, 16], "texture": "#3"},
				"up": {"uv": [14, 13, 13, 14], "rotation": 180, "texture": "#3"},
				"down": {"uv": [13, 15, 14, 16], "texture": "#3"}
			}
		}
	],
	"gui_light": "front",
	"overrides": [
		{
			"predicate": {
				"blocking": 1
			},
			"model": "tydiumcraft:item/tool_sets/panda/shield_blocking"
		}
	],
	"display": {
		"thirdperson_righthand": {
			"rotation": [0, 90, 0],
			"translation": [10, 6, -4]
		},
		"thirdperson_lefthand": {
			"rotation": [0, 90, 0],
			"translation": [10, 6, 12]
		},
		"firstperson_righthand": {
			"rotation": [0, 180, 5],
			"translation": [-10, 2, -10],
			"scale": [1.25, 1.25, 1.25]
		},
		"firstperson_lefthand": {
			"rotation": [0, 180, 5],
			"translation": [10, 0, -10],
			"scale": [1.25, 1.25, 1.25]
		},
		"ground": {
			"translation": [4, 4, 2],
			"scale": [0.25, 0.25, 0.25]
		},
		"gui": {
			"rotation": [15, -25, -5],
			"translation": [3.25, 3, 0],
			"scale": [0.65, 0.65, 0.65]
		},
		"fixed": {
			"rotation": [0, 180, 0],
			"translation": [-2, 4, -5],
			"scale": [0.5, 0.5, 0.5]
		}
	},
	"groups": [
		0,
		{
			"name": "shield_model1",
			"origin": [8, 8, 8],
			"color": 0,
			"children": [
				1,
				2,
				3,
				4,
				{
					"name": "shield_model2",
					"origin": [8, 8, 8],
					"color": 0,
					"children": [5, 6, 7, 8, 9, 10, 11]
				}
			]
		}
	]
}