{
	"credit": "Made by Bret06 using Blockbench",
	"textures": {
		"1": "tydiumcraft:item/tool_sets/tydiumcraft/axe",
		"particle": "tydiumcraft:item/tool_sets/tydiumcraft/axe"
	},
	"elements": [
		{
			"name": "axe_0",
			"from": [13, 16, 7.5],
			"to": [14, 22, 8.5],
			"faces": {
				"north": {"uv": [6.5, 8, 7, 5], "rotation": 180, "texture": "#1"},
				"east": {"uv": [6.5, 5, 7, 8], "texture": "#1"},
				"south": {"uv": [6.5, 5, 7, 8], "texture": "#1"},
				"west": {"uv": [6.5, 5, 7, 8], "texture": "#1"},
				"up": {"uv": [7, 5, 6.5, 5.5], "rotation": 180, "texture": "#1"},
				"down": {"uv": [6.5, 7.5, 7, 8], "texture": "#1"}
			}
		},
		{
			"name": "axe_1",
			"from": [12, 17, 7.5],
			"to": [13, 21, 8.5],
			"faces": {
				"north": {"uv": [6, 7.5, 6.5, 5.5], "rotation": 180, "texture": "#1"},
				"east": {"uv": [6, 5.5, 6.5, 7.5], "texture": "#1"},
				"south": {"uv": [6, 5.5, 6.5, 7.5], "texture": "#1"},
				"west": {"uv": [6, 5.5, 6.5, 7.5], "texture": "#1"},
				"up": {"uv": [6.5, 5.5, 6, 6], "rotation": 180, "texture": "#1"},
				"down": {"uv": [6, 7, 6.5, 7.5], "texture": "#1"}
			}
		},
		{
			"name": "axe_2",
			"from": [14, 13, 7.5],
			"to": [15, 21, 8.5],
			"faces": {
				"north": {"uv": [7, 9.5, 7.5, 5.5], "rotation": 180, "texture": "#1"},
				"east": {"uv": [7, 5.5, 7.5, 9.5], "texture": "#1"},
				"south": {"uv": [7, 5.5, 7.5, 9.5], "texture": "#1"},
				"west": {"uv": [7, 5.5, 7.5, 9.5], "texture": "#1"},
				"up": {"uv": [7.5, 5.5, 7, 6], "rotation": 180, "texture": "#1"},
				"down": {"uv": [7, 9, 7.5, 9.5], "texture": "#1"}
			}
		},
		{
			"name": "axe_3",
			"from": [11, 17, 7.5],
			"to": [12, 20, 8.5],
			"faces": {
				"north": {"uv": [5.5, 7.5, 6, 6], "rotation": 180, "texture": "#1"},
				"east": {"uv": [5.5, 6, 6, 7.5], "texture": "#1"},
				"south": {"uv": [5.5, 6, 6, 7.5], "texture": "#1"},
				"west": {"uv": [5.5, 6, 6, 7.5], "texture": "#1"},
				"up": {"uv": [6, 6, 5.5, 6.5], "rotation": 180, "texture": "#1"},
				"down": {"uv": [5.5, 7, 6, 7.5], "texture": "#1"}
			}
		},
		{
			"name": "axe_4",
			"from": [10, 16, 7.5],
			"to": [11, 19, 8.5],
			"faces": {
				"north": {"uv": [5, 8, 5.5, 6.5], "rotation": 180, "texture": "#1"},
				"east": {"uv": [5, 6.5, 5.5, 8], "texture": "#1"},
				"south": {"uv": [5, 6.5, 5.5, 8], "texture": "#1"},
				"west": {"uv": [5, 6.5, 5.5, 8], "texture": "#1"},
				"up": {"uv": [5.5, 6.5, 5, 7], "rotation": 180, "texture": "#1"},
				"down": {"uv": [5, 7.5, 5.5, 8], "texture": "#1"}
			}
		},
		{
			"name": "axe_5",
			"from": [9, 15, 7.5],
			"to": [10, 18, 8.5],
			"faces": {
				"north": {"uv": [4.5, 8.5, 5, 7], "rotation": 180, "texture": "#1"},
				"east": {"uv": [4.5, 7, 5, 8.5], "texture": "#1"},
				"south": {"uv": [4.5, 7, 5, 8.5], "texture": "#1"},
				"west": {"uv": [4.5, 7, 5, 8.5], "texture": "#1"},
				"up": {"uv": [5, 7, 4.5, 7.5], "rotation": 180, "texture": "#1"},
				"down": {"uv": [4.5, 8, 5, 8.5], "texture": "#1"}
			}
		},
		{
			"name": "axe_6",
			"from": [15, 14, 7.5],
			"to": [16, 18, 8.5],
			"faces": {
				"north": {"uv": [7.5, 9, 8, 7], "rotation": 180, "texture": "#1"},
				"east": {"uv": [7.5, 7, 8, 9], "texture": "#1"},
				"south": {"uv": [7.5, 7, 8, 9], "texture": "#1"},
				"west": {"uv": [7.5, 7, 8, 9], "texture": "#1"},
				"up": {"uv": [8, 7, 7.5, 7.5], "rotation": 180, "texture": "#1"},
				"down": {"uv": [7.5, 8.5, 8, 9], "texture": "#1"}
			}
		},
		{
			"name": "axe_7",
			"from": [8, 14, 7.5],
			"to": [9, 17, 8.5],
			"faces": {
				"north": {"uv": [4, 9, 4.5, 7.5], "rotation": 180, "texture": "#1"},
				"east": {"uv": [4, 7.5, 4.5, 9], "texture": "#1"},
				"south": {"uv": [4, 7.5, 4.5, 9], "texture": "#1"},
				"west": {"uv": [4, 7.5, 4.5, 9], "texture": "#1"},
				"up": {"uv": [4.5, 7.5, 4, 8], "rotation": 180, "texture": "#1"},
				"down": {"uv": [4, 8.5, 4.5, 9], "texture": "#1"}
			}
		},
		{
			"name": "axe_8",
			"from": [16, 13, 7.5],
			"to": [17, 17, 8.5],
			"faces": {
				"north": {"uv": [8, 9.5, 8.5, 7.5], "rotation": 180, "texture": "#1"},
				"east": {"uv": [8, 7.5, 8.5, 9.5], "texture": "#1"},
				"south": {"uv": [8, 7.5, 8.5, 9.5], "texture": "#1"},
				"west": {"uv": [8, 7.5, 8.5, 9.5], "texture": "#1"},
				"up": {"uv": [8.5, 7.5, 8, 8], "rotation": 180, "texture": "#1"},
				"down": {"uv": [8, 9, 8.5, 9.5], "texture": "#1"}
			}
		},
		{
			"name": "axe_9",
			"from": [17, 9, 7.5],
			"to": [18, 16, 8.5],
			"faces": {
				"north": {"uv": [8.5, 11.5, 9, 8], "rotation": 180, "texture": "#1"},
				"east": {"uv": [8.5, 8, 9, 11.5], "texture": "#1"},
				"south": {"uv": [8.5, 8, 9, 11.5], "texture": "#1"},
				"west": {"uv": [8.5, 8, 9, 11.5], "texture": "#1"},
				"up": {"uv": [9, 8, 8.5, 8.5], "rotation": 180, "texture": "#1"},
				"down": {"uv": [8.5, 11, 9, 11.5], "texture": "#1"}
			}
		},
		{
			"name": "axe_10",
			"from": [13, 12, 7.5],
			"to": [14, 15, 8.5],
			"faces": {
				"north": {"uv": [6.5, 10, 7, 8.5], "rotation": 180, "texture": "#1"},
				"east": {"uv": [6.5, 8.5, 7, 10], "texture": "#1"},
				"south": {"uv": [6.5, 8.5, 7, 10], "texture": "#1"},
				"west": {"uv": [6.5, 8.5, 7, 10], "texture": "#1"},
				"up": {"uv": [7, 8.5, 6.5, 9], "rotation": 180, "texture": "#1"},
				"down": {"uv": [6.5, 9.5, 7, 10], "texture": "#1"}
			}
		},
		{
			"name": "axe_11",
			"from": [18, 12, 7.5],
			"to": [21, 15, 8.5],
			"faces": {
				"north": {"uv": [9, 10, 10.5, 8.5], "rotation": 180, "texture": "#1"},
				"east": {"uv": [10, 8.5, 10.5, 10], "texture": "#1"},
				"south": {"uv": [9, 8.5, 10.5, 10], "texture": "#1"},
				"west": {"uv": [9, 8.5, 9.5, 10], "texture": "#1"},
				"up": {"uv": [10.5, 8.5, 9, 9], "rotation": 180, "texture": "#1"},
				"down": {"uv": [9, 9.5, 10.5, 10], "texture": "#1"}
			}
		},
		{
			"name": "axe_12",
			"from": [12, 11, 7.5],
			"to": [13, 14, 8.5],
			"faces": {
				"north": {"uv": [6, 10.5, 6.5, 9], "rotation": 180, "texture": "#1"},
				"east": {"uv": [6, 9, 6.5, 10.5], "texture": "#1"},
				"south": {"uv": [6, 9, 6.5, 10.5], "texture": "#1"},
				"west": {"uv": [6, 9, 6.5, 10.5], "texture": "#1"},
				"up": {"uv": [6.5, 9, 6, 9.5], "rotation": 180, "texture": "#1"},
				"down": {"uv": [6, 10, 6.5, 10.5], "texture": "#1"}
			}
		},
		{
			"name": "axe_13",
			"from": [21, 13, 7.5],
			"to": [22, 14, 8.5],
			"faces": {
				"north": {"uv": [10.5, 9.5, 11, 9], "rotation": 180, "texture": "#1"},
				"east": {"uv": [10.5, 9, 11, 9.5], "texture": "#1"},
				"south": {"uv": [10.5, 9, 11, 9.5], "texture": "#1"},
				"west": {"uv": [10.5, 9, 11, 9.5], "texture": "#1"},
				"up": {"uv": [11, 9, 10.5, 9.5], "rotation": 180, "texture": "#1"},
				"down": {"uv": [10.5, 9, 11, 9.5], "texture": "#1"}
			}
		},
		{
			"name": "axe_14",
			"from": [11, 10, 7.5],
			"to": [12, 13, 8.5],
			"faces": {
				"north": {"uv": [5.5, 11, 6, 9.5], "rotation": 180, "texture": "#1"},
				"east": {"uv": [5.5, 9.5, 6, 11], "texture": "#1"},
				"south": {"uv": [5.5, 9.5, 6, 11], "texture": "#1"},
				"west": {"uv": [5.5, 9.5, 6, 11], "texture": "#1"},
				"up": {"uv": [6, 9.5, 5.5, 10], "rotation": 180, "texture": "#1"},
				"down": {"uv": [5.5, 10.5, 6, 11], "texture": "#1"}
			}
		},
		{
			"name": "axe_15",
			"from": [10, 9, 7.5],
			"to": [11, 12, 8.5],
			"faces": {
				"north": {"uv": [5, 11.5, 5.5, 10], "rotation": 180, "texture": "#1"},
				"east": {"uv": [5, 10, 5.5, 11.5], "texture": "#1"},
				"south": {"uv": [5, 10, 5.5, 11.5], "texture": "#1"},
				"west": {"uv": [5, 10, 5.5, 11.5], "texture": "#1"},
				"up": {"uv": [5.5, 10, 5, 10.5], "rotation": 180, "texture": "#1"},
				"down": {"uv": [5, 11, 5.5, 11.5], "texture": "#1"}
			}
		},
		{
			"name": "axe_16",
			"from": [18, 11, 7.5],
			"to": [20, 12, 8.5],
			"faces": {
				"north": {"uv": [9, 10.5, 10, 10], "rotation": 180, "texture": "#1"},
				"east": {"uv": [9.5, 10, 10, 10.5], "texture": "#1"},
				"south": {"uv": [9, 10, 10, 10.5], "texture": "#1"},
				"west": {"uv": [9, 10, 9.5, 10.5], "texture": "#1"},
				"up": {"uv": [10, 10, 9, 10.5], "rotation": 180, "texture": "#1"},
				"down": {"uv": [9, 10, 10, 10.5], "texture": "#1"}
			}
		},
		{
			"name": "axe_17",
			"from": [9, 8, 7.5],
			"to": [10, 11, 8.5],
			"faces": {
				"north": {"uv": [4.5, 12, 5, 10.5], "rotation": 180, "texture": "#1"},
				"east": {"uv": [4.5, 10.5, 5, 12], "texture": "#1"},
				"south": {"uv": [4.5, 10.5, 5, 12], "texture": "#1"},
				"west": {"uv": [4.5, 10.5, 5, 12], "texture": "#1"},
				"up": {"uv": [5, 10.5, 4.5, 11], "rotation": 180, "texture": "#1"},
				"down": {"uv": [4.5, 11.5, 5, 12], "texture": "#1"}
			}
		},
		{
			"name": "axe_18",
			"from": [16, 8, 7.5],
			"to": [17, 11, 8.5],
			"faces": {
				"north": {"uv": [8, 12, 8.5, 10.5], "rotation": 180, "texture": "#1"},
				"east": {"uv": [8, 10.5, 8.5, 12], "texture": "#1"},
				"south": {"uv": [8, 10.5, 8.5, 12], "texture": "#1"},
				"west": {"uv": [8, 10.5, 8.5, 12], "texture": "#1"},
				"up": {"uv": [8.5, 10.5, 8, 11], "rotation": 180, "texture": "#1"},
				"down": {"uv": [8, 11.5, 8.5, 12], "texture": "#1"}
			}
		},
		{
			"name": "axe_19",
			"from": [18, 10, 7.5],
			"to": [19, 11, 8.5],
			"faces": {
				"north": {"uv": [9, 11, 9.5, 10.5], "rotation": 180, "texture": "#1"},
				"east": {"uv": [9, 10.5, 9.5, 11], "texture": "#1"},
				"south": {"uv": [9, 10.5, 9.5, 11], "texture": "#1"},
				"west": {"uv": [9, 10.5, 9.5, 11], "texture": "#1"},
				"up": {"uv": [9.5, 10.5, 9, 11], "rotation": 180, "texture": "#1"},
				"down": {"uv": [9, 10.5, 9.5, 11], "texture": "#1"}
			}
		},
		{
			"name": "axe_20",
			"from": [8, 6, 7.5],
			"to": [9, 10, 8.5],
			"faces": {
				"north": {"uv": [4, 13, 4.5, 11], "rotation": 180, "texture": "#1"},
				"east": {"uv": [4, 11, 4.5, 13], "texture": "#1"},
				"south": {"uv": [4, 11, 4.5, 13], "texture": "#1"},
				"west": {"uv": [4, 11, 4.5, 13], "texture": "#1"},
				"up": {"uv": [4.5, 11, 4, 11.5], "rotation": 180, "texture": "#1"},
				"down": {"uv": [4, 12.5, 4.5, 13], "texture": "#1"}
			}
		},
		{
			"name": "axe_21",
			"from": [15, 8, 7.5],
			"to": [16, 10, 8.5],
			"faces": {
				"north": {"uv": [7.5, 12, 8, 11], "rotation": 180, "texture": "#1"},
				"east": {"uv": [7.5, 11, 8, 12], "texture": "#1"},
				"south": {"uv": [7.5, 11, 8, 12], "texture": "#1"},
				"west": {"uv": [7.5, 11, 8, 12], "texture": "#1"},
				"up": {"uv": [8, 11, 7.5, 11.5], "rotation": 180, "texture": "#1"},
				"down": {"uv": [7.5, 11.5, 8, 12], "texture": "#1"}
			}
		},
		{
			"name": "axe_22",
			"from": [6, 6, 7.5],
			"to": [8, 9, 8.5],
			"faces": {
				"north": {"uv": [3, 13, 4, 11.5], "rotation": 180, "texture": "#1"},
				"east": {"uv": [3.5, 11.5, 4, 13], "texture": "#1"},
				"south": {"uv": [3, 11.5, 4, 13], "texture": "#1"},
				"west": {"uv": [3, 11.5, 3.5, 13], "texture": "#1"},
				"up": {"uv": [4, 11.5, 3, 12], "rotation": 180, "texture": "#1"},
				"down": {"uv": [3, 12.5, 4, 13], "texture": "#1"}
			}
		},
		{
			"name": "axe_23",
			"from": [5, 4, 7.5],
			"to": [6, 7, 8.5],
			"faces": {
				"north": {"uv": [2.5, 14, 3, 12.5], "rotation": 180, "texture": "#1"},
				"east": {"uv": [2.5, 12.5, 3, 14], "texture": "#1"},
				"south": {"uv": [2.5, 12.5, 3, 14], "texture": "#1"},
				"west": {"uv": [2.5, 12.5, 3, 14], "texture": "#1"},
				"up": {"uv": [3, 12.5, 2.5, 13], "rotation": 180, "texture": "#1"},
				"down": {"uv": [2.5, 13.5, 3, 14], "texture": "#1"}
			}
		},
		{
			"name": "axe_24",
			"from": [4, 3, 7.5],
			"to": [5, 6, 8.5],
			"faces": {
				"north": {"uv": [2, 14.5, 2.5, 13], "rotation": 180, "texture": "#1"},
				"east": {"uv": [2, 13, 2.5, 14.5], "texture": "#1"},
				"south": {"uv": [2, 13, 2.5, 14.5], "texture": "#1"},
				"west": {"uv": [2, 13, 2.5, 14.5], "texture": "#1"},
				"up": {"uv": [2.5, 13, 2, 13.5], "rotation": 180, "texture": "#1"},
				"down": {"uv": [2, 14, 2.5, 14.5], "texture": "#1"}
			}
		},
		{
			"name": "axe_25",
			"from": [6, 5, 7.5],
			"to": [7, 6, 8.5],
			"faces": {
				"north": {"uv": [3, 13.5, 3.5, 13], "rotation": 180, "texture": "#1"},
				"east": {"uv": [3, 13, 3.5, 13.5], "texture": "#1"},
				"south": {"uv": [3, 13, 3.5, 13.5], "texture": "#1"},
				"west": {"uv": [3, 13, 3.5, 13.5], "texture": "#1"},
				"up": {"uv": [3.5, 13, 3, 13.5], "rotation": 180, "texture": "#1"},
				"down": {"uv": [3, 13, 3.5, 13.5], "texture": "#1"}
			}
		},
		{
			"name": "axe_26",
			"from": [3, 2, 7.5],
			"to": [4, 5, 8.5],
			"faces": {
				"north": {"uv": [1.5, 15, 2, 13.5], "rotation": 180, "texture": "#1"},
				"east": {"uv": [1.5, 13.5, 2, 15], "texture": "#1"},
				"south": {"uv": [1.5, 13.5, 2, 15], "texture": "#1"},
				"west": {"uv": [1.5, 13.5, 2, 15], "texture": "#1"},
				"up": {"uv": [2, 13.5, 1.5, 14], "rotation": 180, "texture": "#1"},
				"down": {"uv": [1.5, 14.5, 2, 15], "texture": "#1"}
			}
		},
		{
			"name": "axe_27",
			"from": [2, 1, 7.5],
			"to": [3, 4, 8.5],
			"faces": {
				"north": {"uv": [1, 15.5, 1.5, 14], "rotation": 180, "texture": "#1"},
				"east": {"uv": [1, 14, 1.5, 15.5], "texture": "#1"},
				"south": {"uv": [1, 14, 1.5, 15.5], "texture": "#1"},
				"west": {"uv": [1, 14, 1.5, 15.5], "texture": "#1"},
				"up": {"uv": [1.5, 14, 1, 14.5], "rotation": 180, "texture": "#1"},
				"down": {"uv": [1, 15, 1.5, 15.5], "texture": "#1"}
			}
		},
		{
			"name": "axe_28",
			"from": [1, 0, 7.5],
			"to": [2, 3, 8.5],
			"faces": {
				"north": {"uv": [0.5, 16, 1, 14.5], "rotation": 180, "texture": "#1"},
				"east": {"uv": [0.5, 14.5, 1, 16], "texture": "#1"},
				"south": {"uv": [0.5, 14.5, 1, 16], "texture": "#1"},
				"west": {"uv": [0.5, 14.5, 1, 16], "texture": "#1"},
				"up": {"uv": [1, 14.5, 0.5, 15], "rotation": 180, "texture": "#1"},
				"down": {"uv": [0.5, 15.5, 1, 16], "texture": "#1"}
			}
		},
		{
			"name": "axe_29",
			"from": [0, 0, 7.5],
			"to": [1, 2, 8.5],
			"faces": {
				"north": {"uv": [0, 16, 0.5, 15], "rotation": 180, "texture": "#1"},
				"east": {"uv": [0, 15, 0.5, 16], "texture": "#1"},
				"south": {"uv": [0, 15, 0.5, 16], "texture": "#1"},
				"west": {"uv": [0, 15, 0.5, 16], "texture": "#1"},
				"up": {"uv": [0.5, 15, 0, 15.5], "rotation": 180, "texture": "#1"},
				"down": {"uv": [0, 15.5, 0.5, 16], "texture": "#1"}
			}
		}
	],
	"gui_light": "front",
	"display": {
		"thirdperson_righthand": {
			"rotation": [0, -90, 55],
			"translation": [0, 2.5, 0.75],
			"scale": [0.85, 0.85, 0.85]
		},
		"thirdperson_lefthand": {
			"rotation": [0, 90, -55],
			"translation": [0, 2.5, 0.75],
			"scale": [0.85, 0.85, 0.85]
		},
		"firstperson_righthand": {
			"rotation": [0, -90, 25],
			"translation": [1.13, 3.2, 1.13],
			"scale": [0.68, 0.68, 0.68]
		},
		"firstperson_lefthand": {
			"rotation": [0, 90, -25],
			"translation": [1.13, 3.2, 1.13],
			"scale": [0.68, 0.68, 0.68]
		},
		"ground": {
			"translation": [0, 2, 0],
			"scale": [0.5, 0.5, 0.5]
		},
		"gui": {
			"translation": [-2.16, -2.16, 0],
			"scale": [0.72278, 0.72278, 0.797]
		}
	},
	"groups": [
		{
			"name": "axe",
			"origin": [8, 8, 8],
			"color": 0,
			"nbt": "{}",
			"armAnimationEnabled": false,
			"children": [0, 1, 2, 3, 4, 5, 6, 7, 8, 9, 10, 11, 12, 13, 14, 15, 16, 17, 18, 19, 20, 21, 22, 23, 24, 25, 26, 27, 28, 29]
		}
	]
}