{
	"credit": "Made by Bret06 using Blockbench",
	"textures": {
		"5": "tydiumcraft:item/tool_sets/tydiumcraft/bow_pulling_2",
		"particle": "tydiumcraft:item/tool_sets/omega/sword"
	},
	"elements": [
		{
			"name": "bow_pulling_2_0",
			"from": [7, 15, 7.5],
			"to": [8, 17, 8.5],
			"faces": {
				"north": {"uv": [3.5, 8.5, 4, 7.5], "rotation": 180, "texture": "#5"},
				"east": {"uv": [3.5, 7.5, 4, 8.5], "texture": "#5"},
				"south": {"uv": [3.5, 7.5, 4, 8.5], "texture": "#5"},
				"west": {"uv": [3.5, 7.5, 4, 8.5], "texture": "#5"},
				"up": {"uv": [4, 7.5, 3.5, 8], "rotation": 180, "texture": "#5"},
				"down": {"uv": [3.5, 8, 4, 8.5], "texture": "#5"}
			}
		},
		{
			"name": "bow_pulling_2_1",
			"from": [12, 14, 7.5],
			"to": [15, 17, 8.5],
			"faces": {
				"north": {"uv": [6, 9, 7.5, 7.5], "rotation": 180, "texture": "#5"},
				"east": {"uv": [7, 7.5, 7.5, 9], "texture": "#5"},
				"south": {"uv": [6, 7.5, 7.5, 9], "texture": "#5"},
				"west": {"uv": [6, 7.5, 6.5, 9], "texture": "#5"},
				"up": {"uv": [7.5, 7.5, 6, 8], "rotation": 180, "texture": "#5"},
				"down": {"uv": [6, 8.5, 7.5, 9], "texture": "#5"}
			}
		},
		{
			"name": "bow_pulling_2_2",
			"from": [15, 15, 7.5],
			"to": [19, 17, 8.5],
			"faces": {
				"north": {"uv": [7.5, 8.5, 9.5, 7.5], "rotation": 180, "texture": "#5"},
				"east": {"uv": [9, 7.5, 9.5, 8.5], "texture": "#5"},
				"south": {"uv": [7.5, 7.5, 9.5, 8.5], "texture": "#5"},
				"west": {"uv": [7.5, 7.5, 8, 8.5], "texture": "#5"},
				"up": {"uv": [9.5, 7.5, 7.5, 8], "rotation": 180, "texture": "#5"},
				"down": {"uv": [7.5, 8, 9.5, 8.5], "texture": "#5"}
			}
		},
		{
			"name": "bow_pulling_2_3",
			"from": [4, 14, 7.5],
			"to": [5, 16, 8.5],
			"faces": {
				"north": {"uv": [2, 9, 2.5, 8], "rotation": 180, "texture": "#5"},
				"east": {"uv": [2, 8, 2.5, 9], "texture": "#5"},
				"south": {"uv": [2, 8, 2.5, 9], "texture": "#5"},
				"west": {"uv": [2, 8, 2.5, 9], "texture": "#5"},
				"up": {"uv": [2.5, 8, 2, 8.5], "rotation": 180, "texture": "#5"},
				"down": {"uv": [2, 8.5, 2.5, 9], "texture": "#5"}
			}
		},
		{
			"name": "bow_pulling_2_4",
			"from": [6, 12, 7.5],
			"to": [7, 16, 8.5],
			"faces": {
				"north": {"uv": [3, 10, 3.5, 8], "rotation": 180, "texture": "#5"},
				"east": {"uv": [3, 8, 3.5, 10], "texture": "#5"},
				"south": {"uv": [3, 8, 3.5, 10], "texture": "#5"},
				"west": {"uv": [3, 8, 3.5, 10], "texture": "#5"},
				"up": {"uv": [3.5, 8, 3, 8.5], "rotation": 180, "texture": "#5"},
				"down": {"uv": [3, 9.5, 3.5, 10], "texture": "#5"}
			}
		},
		{
			"name": "bow_pulling_2_5",
			"from": [8, 14, 7.5],
			"to": [12, 16, 8.5],
			"faces": {
				"north": {"uv": [4, 9, 6, 8], "rotation": 180, "texture": "#5"},
				"east": {"uv": [5.5, 8, 6, 9], "texture": "#5"},
				"south": {"uv": [4, 8, 6, 9], "texture": "#5"},
				"west": {"uv": [4, 8, 4.5, 9], "texture": "#5"},
				"up": {"uv": [6, 8, 4, 8.5], "rotation": 180, "texture": "#5"},
				"down": {"uv": [4, 8.5, 6, 9], "texture": "#5"}
			}
		},
		{
			"name": "bow_pulling_2_6",
			"from": [5, 13, 7.5],
			"to": [6, 15, 8.5],
			"faces": {
				"north": {"uv": [2.5, 9.5, 3, 8.5], "rotation": 180, "texture": "#5"},
				"east": {"uv": [2.5, 8.5, 3, 9.5], "texture": "#5"},
				"south": {"uv": [2.5, 8.5, 3, 9.5], "texture": "#5"},
				"west": {"uv": [2.5, 8.5, 3, 9.5], "texture": "#5"},
				"up": {"uv": [3, 8.5, 2.5, 9], "rotation": 180, "texture": "#5"},
				"down": {"uv": [2.5, 9, 3, 9.5], "texture": "#5"}
			}
		},
		{
			"name": "bow_pulling_2_7",
			"from": [17, 14, 7.5],
			"to": [18, 15, 8.5],
			"faces": {
				"north": {"uv": [8.5, 9, 9, 8.5], "rotation": 180, "texture": "#5"},
				"east": {"uv": [8.5, 8.5, 9, 9], "texture": "#5"},
				"south": {"uv": [8.5, 8.5, 9, 9], "texture": "#5"},
				"west": {"uv": [8.5, 8.5, 9, 9], "texture": "#5"},
				"up": {"uv": [9, 8.5, 8.5, 9], "rotation": 180, "texture": "#5"},
				"down": {"uv": [8.5, 8.5, 9, 9], "texture": "#5"}
			}
		},
		{
			"name": "bow_pulling_2_8",
			"from": [9, 9, 7.5],
			"to": [10, 14, 8.5],
			"faces": {
				"north": {"uv": [4.5, 11.5, 5, 9], "rotation": 180, "texture": "#5"},
				"east": {"uv": [4.5, 9, 5, 11.5], "texture": "#5"},
				"south": {"uv": [4.5, 9, 5, 11.5], "texture": "#5"},
				"west": {"uv": [4.5, 9, 5, 11.5], "texture": "#5"},
				"up": {"uv": [5, 9, 4.5, 9.5], "rotation": 180, "texture": "#5"},
				"down": {"uv": [4.5, 11, 5, 11.5], "texture": "#5"}
			}
		},
		{
			"name": "bow_pulling_2_9",
			"from": [16, 12, 7.5],
			"to": [17, 14, 8.5],
			"faces": {
				"north": {"uv": [8, 10, 8.5, 9], "rotation": 180, "texture": "#5"},
				"east": {"uv": [8, 9, 8.5, 10], "texture": "#5"},
				"south": {"uv": [8, 9, 8.5, 10], "texture": "#5"},
				"west": {"uv": [8, 9, 8.5, 10], "texture": "#5"},
				"up": {"uv": [8.5, 9, 8, 9.5], "rotation": 180, "texture": "#5"},
				"down": {"uv": [8, 9.5, 8.5, 10], "texture": "#5"}
			}
		},
		{
			"name": "bow_pulling_2_10",
			"from": [3, 12, 7.5],
			"to": [5, 13, 8.5],
			"faces": {
				"north": {"uv": [1.5, 10, 2.5, 9.5], "rotation": 180, "texture": "#5"},
				"east": {"uv": [2, 9.5, 2.5, 10], "texture": "#5"},
				"south": {"uv": [1.5, 9.5, 2.5, 10], "texture": "#5"},
				"west": {"uv": [1.5, 9.5, 2, 10], "texture": "#5"},
				"up": {"uv": [2.5, 9.5, 1.5, 10], "rotation": 180, "texture": "#5"},
				"down": {"uv": [1.5, 9.5, 2.5, 10], "texture": "#5"}
			}
		},
		{
			"name": "bow_pulling_2_11",
			"from": [7, 10, 7.5],
			"to": [9, 13, 8.5],
			"faces": {
				"north": {"uv": [3.5, 11, 4.5, 9.5], "rotation": 180, "texture": "#5"},
				"east": {"uv": [4, 9.5, 4.5, 11], "texture": "#5"},
				"south": {"uv": [3.5, 9.5, 4.5, 11], "texture": "#5"},
				"west": {"uv": [3.5, 9.5, 4, 11], "texture": "#5"},
				"up": {"uv": [4.5, 9.5, 3.5, 10], "rotation": 180, "texture": "#5"},
				"down": {"uv": [3.5, 10.5, 4.5, 11], "texture": "#5"}
			}
		},
		{
			"name": "bow_pulling_2_12",
			"from": [10, 11, 7.5],
			"to": [11, 13, 8.5],
			"faces": {
				"north": {"uv": [5, 10.5, 5.5, 9.5], "rotation": 180, "texture": "#5"},
				"east": {"uv": [5, 9.5, 5.5, 10.5], "texture": "#5"},
				"south": {"uv": [5, 9.5, 5.5, 10.5], "texture": "#5"},
				"west": {"uv": [5, 9.5, 5.5, 10.5], "texture": "#5"},
				"up": {"uv": [5.5, 9.5, 5, 10], "rotation": 180, "texture": "#5"},
				"down": {"uv": [5, 10, 5.5, 10.5], "texture": "#5"}
			}
		},
		{
			"name": "bow_pulling_2_13",
			"from": [2, 11, 7.5],
			"to": [4, 12, 8.5],
			"faces": {
				"north": {"uv": [1, 10.5, 2, 10], "rotation": 180, "texture": "#5"},
				"east": {"uv": [1.5, 10, 2, 10.5], "texture": "#5"},
				"south": {"uv": [1, 10, 2, 10.5], "texture": "#5"},
				"west": {"uv": [1, 10, 1.5, 10.5], "texture": "#5"},
				"up": {"uv": [2, 10, 1, 10.5], "rotation": 180, "texture": "#5"},
				"down": {"uv": [1, 10, 2, 10.5], "texture": "#5"}
			}
		},
		{
			"name": "bow_pulling_2_14",
			"from": [15, 8, 7.5],
			"to": [16, 12, 8.5],
			"faces": {
				"north": {"uv": [7.5, 12, 8, 10], "rotation": 180, "texture": "#5"},
				"east": {"uv": [7.5, 10, 8, 12], "texture": "#5"},
				"south": {"uv": [7.5, 10, 8, 12], "texture": "#5"},
				"west": {"uv": [7.5, 10, 8, 12], "texture": "#5"},
				"up": {"uv": [8, 10, 7.5, 10.5], "rotation": 180, "texture": "#5"},
				"down": {"uv": [7.5, 11.5, 8, 12], "texture": "#5"}
			}
		},
		{
			"name": "bow_pulling_2_15",
			"from": [3, 4, 7.5],
			"to": [5, 11, 8.5],
			"faces": {
				"north": {"uv": [1.5, 14, 2.5, 10.5], "rotation": 180, "texture": "#5"},
				"east": {"uv": [2, 10.5, 2.5, 14], "texture": "#5"},
				"south": {"uv": [1.5, 10.5, 2.5, 14], "texture": "#5"},
				"west": {"uv": [1.5, 10.5, 2, 14], "texture": "#5"},
				"up": {"uv": [2.5, 10.5, 1.5, 11], "rotation": 180, "texture": "#5"},
				"down": {"uv": [1.5, 13.5, 2.5, 14], "texture": "#5"}
			}
		},
		{
			"name": "bow_pulling_2_16",
			"from": [6, 8, 7.5],
			"to": [7, 11, 8.5],
			"faces": {
				"north": {"uv": [3, 12, 3.5, 10.5], "rotation": 180, "texture": "#5"},
				"east": {"uv": [3, 10.5, 3.5, 12], "texture": "#5"},
				"south": {"uv": [3, 10.5, 3.5, 12], "texture": "#5"},
				"west": {"uv": [3, 10.5, 3.5, 12], "texture": "#5"},
				"up": {"uv": [3.5, 10.5, 3, 11], "rotation": 180, "texture": "#5"},
				"down": {"uv": [3, 11.5, 3.5, 12], "texture": "#5"}
			}
		},
		{
			"name": "bow_pulling_2_17",
			"from": [5, 9, 7.5],
			"to": [6, 10, 8.5],
			"faces": {
				"north": {"uv": [2.5, 11.5, 3, 11], "rotation": 180, "texture": "#5"},
				"east": {"uv": [2.5, 11, 3, 11.5], "texture": "#5"},
				"south": {"uv": [2.5, 11, 3, 11.5], "texture": "#5"},
				"west": {"uv": [2.5, 11, 3, 11.5], "texture": "#5"},
				"up": {"uv": [3, 11, 2.5, 11.5], "rotation": 180, "texture": "#5"},
				"down": {"uv": [2.5, 11, 3, 11.5], "texture": "#5"}
			}
		},
		{
			"name": "bow_pulling_2_18",
			"from": [7, 8, 7.5],
			"to": [8, 10, 8.5],
			"faces": {
				"north": {"uv": [3.5, 12, 4, 11], "rotation": 180, "texture": "#5"},
				"east": {"uv": [3.5, 11, 4, 12], "texture": "#5"},
				"south": {"uv": [3.5, 11, 4, 12], "texture": "#5"},
				"west": {"uv": [3.5, 11, 4, 12], "texture": "#5"},
				"up": {"uv": [4, 11, 3.5, 11.5], "rotation": 180, "texture": "#5"},
				"down": {"uv": [3.5, 11.5, 4, 12], "texture": "#5"}
			}
		},
		{
			"name": "bow_pulling_2_19",
			"from": [10, 8, 7.5],
			"to": [11, 10, 8.5],
			"faces": {
				"north": {"uv": [5, 12, 5.5, 11], "rotation": 180, "texture": "#5"},
				"east": {"uv": [5, 11, 5.5, 12], "texture": "#5"},
				"south": {"uv": [5, 11, 5.5, 12], "texture": "#5"},
				"west": {"uv": [5, 11, 5.5, 12], "texture": "#5"},
				"up": {"uv": [5.5, 11, 5, 11.5], "rotation": 180, "texture": "#5"},
				"down": {"uv": [5, 11.5, 5.5, 12], "texture": "#5"}
			}
		},
		{
			"name": "bow_pulling_2_20",
			"from": [11, 7, 7.5],
			"to": [12, 9, 8.5],
			"faces": {
				"north": {"uv": [5.5, 12.5, 6, 11.5], "rotation": 180, "texture": "#5"},
				"east": {"uv": [5.5, 11.5, 6, 12.5], "texture": "#5"},
				"south": {"uv": [5.5, 11.5, 6, 12.5], "texture": "#5"},
				"west": {"uv": [5.5, 11.5, 6, 12.5], "texture": "#5"},
				"up": {"uv": [6, 11.5, 5.5, 12], "rotation": 180, "texture": "#5"},
				"down": {"uv": [5.5, 12, 6, 12.5], "texture": "#5"}
			}
		},
		{
			"name": "bow_pulling_2_21",
			"from": [12, 5, 7.5],
			"to": [13, 8, 8.5],
			"faces": {
				"north": {"uv": [6, 13.5, 6.5, 12], "rotation": 180, "texture": "#5"},
				"east": {"uv": [6, 12, 6.5, 13.5], "texture": "#5"},
				"south": {"uv": [6, 12, 6.5, 13.5], "texture": "#5"},
				"west": {"uv": [6, 12, 6.5, 13.5], "texture": "#5"},
				"up": {"uv": [6.5, 12, 6, 12.5], "rotation": 180, "texture": "#5"},
				"down": {"uv": [6, 13, 6.5, 13.5], "texture": "#5"}
			}
		},
		{
			"name": "bow_pulling_2_22",
			"from": [14, 7, 7.5],
			"to": [15, 8, 8.5],
			"faces": {
				"north": {"uv": [7, 12.5, 7.5, 12], "rotation": 180, "texture": "#5"},
				"east": {"uv": [7, 12, 7.5, 12.5], "texture": "#5"},
				"south": {"uv": [7, 12, 7.5, 12.5], "texture": "#5"},
				"west": {"uv": [7, 12, 7.5, 12.5], "texture": "#5"},
				"up": {"uv": [7.5, 12, 7, 12.5], "rotation": 180, "texture": "#5"},
				"down": {"uv": [7, 12, 7.5, 12.5], "texture": "#5"}
			}
		},
		{
			"name": "bow_pulling_2_23",
			"from": [2, 0, 7.5],
			"to": [3, 7, 8.5],
			"faces": {
				"north": {"uv": [1, 16, 1.5, 12.5], "rotation": 180, "texture": "#5"},
				"east": {"uv": [1, 12.5, 1.5, 16], "texture": "#5"},
				"south": {"uv": [1, 12.5, 1.5, 16], "texture": "#5"},
				"west": {"uv": [1, 12.5, 1.5, 16], "texture": "#5"},
				"up": {"uv": [1.5, 12.5, 1, 13], "rotation": 180, "texture": "#5"},
				"down": {"uv": [1, 15.5, 1.5, 16], "texture": "#5"}
			}
		},
		{
			"name": "bow_pulling_2_24",
			"from": [13, 6, 7.5],
			"to": [14, 7, 8.5],
			"faces": {
				"north": {"uv": [6.5, 13, 7, 12.5], "rotation": 180, "texture": "#5"},
				"east": {"uv": [6.5, 12.5, 7, 13], "texture": "#5"},
				"south": {"uv": [6.5, 12.5, 7, 13], "texture": "#5"},
				"west": {"uv": [6.5, 12.5, 7, 13], "texture": "#5"},
				"up": {"uv": [7, 12.5, 6.5, 13], "rotation": 180, "texture": "#5"},
				"down": {"uv": [6.5, 12.5, 7, 13], "texture": "#5"}
			}
		},
		{
			"name": "bow_pulling_2_25",
			"from": [11, 4, 7.5],
			"to": [12, 5, 8.5],
			"faces": {
				"north": {"uv": [5.5, 14, 6, 13.5], "rotation": 180, "texture": "#5"},
				"east": {"uv": [5.5, 13.5, 6, 14], "texture": "#5"},
				"south": {"uv": [5.5, 13.5, 6, 14], "texture": "#5"},
				"west": {"uv": [5.5, 13.5, 6, 14], "texture": "#5"},
				"up": {"uv": [6, 13.5, 5.5, 14], "rotation": 180, "texture": "#5"},
				"down": {"uv": [5.5, 13.5, 6, 14], "texture": "#5"}
			}
		},
		{
			"name": "bow_pulling_2_26",
			"from": [3, 0, 7.5],
			"to": [4, 4, 8.5],
			"faces": {
				"north": {"uv": [1.5, 16, 2, 14], "rotation": 180, "texture": "#5"},
				"east": {"uv": [1.5, 14, 2, 16], "texture": "#5"},
				"south": {"uv": [1.5, 14, 2, 16], "texture": "#5"},
				"west": {"uv": [1.5, 14, 2, 16], "texture": "#5"},
				"up": {"uv": [2, 14, 1.5, 14.5], "rotation": 180, "texture": "#5"},
				"down": {"uv": [1.5, 15.5, 2, 16], "texture": "#5"}
			}
		},
		{
			"name": "bow_pulling_2_27",
			"from": [7, 3, 7.5],
			"to": [11, 4, 8.5],
			"faces": {
				"north": {"uv": [3.5, 14.5, 5.5, 14], "rotation": 180, "texture": "#5"},
				"east": {"uv": [5, 14, 5.5, 14.5], "texture": "#5"},
				"south": {"uv": [3.5, 14, 5.5, 14.5], "texture": "#5"},
				"west": {"uv": [3.5, 14, 4, 14.5], "texture": "#5"},
				"up": {"uv": [5.5, 14, 3.5, 14.5], "rotation": 180, "texture": "#5"},
				"down": {"uv": [3.5, 14, 5.5, 14.5], "texture": "#5"}
			}
		},
		{
			"name": "bow_pulling_2_28",
			"from": [5, 2, 7.5],
			"to": [7, 3, 8.5],
			"faces": {
				"north": {"uv": [2.5, 15, 3.5, 14.5], "rotation": 180, "texture": "#5"},
				"east": {"uv": [3, 14.5, 3.5, 15], "texture": "#5"},
				"south": {"uv": [2.5, 14.5, 3.5, 15], "texture": "#5"},
				"west": {"uv": [2.5, 14.5, 3, 15], "texture": "#5"},
				"up": {"uv": [3.5, 14.5, 2.5, 15], "rotation": 180, "texture": "#5"},
				"down": {"uv": [2.5, 14.5, 3.5, 15], "texture": "#5"}
			}
		},
		{
			"name": "bow_pulling_2_29",
			"from": [4, 1, 7.5],
			"to": [5, 2, 8.5],
			"faces": {
				"north": {"uv": [2, 15.5, 2.5, 15], "rotation": 180, "texture": "#5"},
				"east": {"uv": [2, 15, 2.5, 15.5], "texture": "#5"},
				"south": {"uv": [2, 15, 2.5, 15.5], "texture": "#5"},
				"west": {"uv": [2, 15, 2.5, 15.5], "texture": "#5"},
				"up": {"uv": [2.5, 15, 2, 15.5], "rotation": 180, "texture": "#5"},
				"down": {"uv": [2, 15, 2.5, 15.5], "texture": "#5"}
			}
		}
	],
	"gui_light": "front",
	"display": {
		"thirdperson_righthand": {
			"rotation": [-80, 260, -40],
			"translation": [-1, -3.5, 2.5],
			"scale": [0.9, 0.9, 0.9]
		},
		"thirdperson_lefthand": {
			"rotation": [-80, -280, 40],
			"translation": [-1, -3.5, 2.5],
			"scale": [0.9, 0.9, 0.9]
		},
		"firstperson_righthand": {
			"rotation": [0, -90, 25],
			"translation": [1.13, 3.2, 1.13],
			"scale": [0.68, 0.68, 0.68]
		},
		"firstperson_lefthand": {
			"rotation": [0, 90, -25],
			"translation": [1.13, 3.2, 1.13],
			"scale": [0.68, 0.68, 0.68]
		},
		"ground": {
			"translation": [0, 2, 0],
			"scale": [0.5, 0.5, 0.5]
		},
		"gui": {
			"translation": [-1.77, -0.88, 0],
			"scale": [0.885, 0.885, 0.885]
		},
		"fixed": {
			"translation": [-1.5, -1, 0]
		}
	},
	"groups": [
		{
			"name": "bow_pulling_2",
			"origin": [8, 8, 8],
			"color": 0,
			"nbt": "{}",
			"armAnimationEnabled": false,
			"children": [0, 1, 2, 3, 4, 5, 6, 7, 8, 9, 10, 11, 12, 13, 14, 15, 16, 17, 18, 19, 20, 21, 22, 23, 24, 25, 26, 27, 28, 29]
		}
	]
}