{
	"credit": "Made with Blockbench",
	"texture_size": [32, 32],
	"textures": {
		"2": "tydiumcraft:item/tool_sets/omega/pickaxe",
		"3": "tydiumcraft:item/tool_sets/omega/axe",
		"particle": "tydiumcraft:item/tool_sets/omega/sword"
	},
	"elements": [
		{
			"name": "pickaxe_5",
			"from": [13, 12, 7.5],
			"to": [14, 15, 8.5],
			"faces": {
				"north": {"uv": [6.5, 10, 7, 8.5], "rotation": 180, "texture": "#2"},
				"east": {"uv": [6.5, 8.5, 7, 10], "texture": "#2"},
				"south": {"uv": [6.5, 8.5, 7, 10], "texture": "#2"},
				"west": {"uv": [6.5, 8.5, 7, 10], "texture": "#2"},
				"up": {"uv": [7, 8.5, 6.5, 9], "rotation": 180, "texture": "#2"},
				"down": {"uv": [6.5, 9.5, 7, 10], "texture": "#2"}
			}
		},
		{
			"name": "pickaxe_7",
			"from": [12, 11, 7.5],
			"to": [13, 14, 8.5],
			"faces": {
				"north": {"uv": [6, 10.5, 6.5, 9], "rotation": 180, "texture": "#2"},
				"east": {"uv": [6, 9, 6.5, 10.5], "texture": "#2"},
				"south": {"uv": [6, 9, 6.5, 10.5], "texture": "#2"},
				"west": {"uv": [6, 9, 6.5, 10.5], "texture": "#2"},
				"up": {"uv": [6.5, 9, 6, 9.5], "rotation": 180, "texture": "#2"},
				"down": {"uv": [6, 10, 6.5, 10.5], "texture": "#2"}
			}
		},
		{
			"name": "pickaxe_8",
			"from": [14, 13, 7.5],
			"to": [15, 14, 8.5],
			"faces": {
				"north": {"uv": [7, 9.5, 7.5, 9], "rotation": 180, "texture": "#2"},
				"east": {"uv": [7, 9, 7.5, 9.5], "texture": "#2"},
				"south": {"uv": [7, 9, 7.5, 9.5], "texture": "#2"},
				"west": {"uv": [7, 9, 7.5, 9.5], "texture": "#2"},
				"up": {"uv": [7.5, 9, 7, 9.5], "rotation": 180, "texture": "#2"},
				"down": {"uv": [7, 9, 7.5, 9.5], "texture": "#2"}
			}
		},
		{
			"name": "pickaxe_9",
			"from": [16, 13, 7.5],
			"to": [18, 14, 8.5],
			"faces": {
				"north": {"uv": [8, 9.5, 9, 9], "rotation": 180, "texture": "#2"},
				"east": {"uv": [8.5, 9, 9, 9.5], "texture": "#2"},
				"south": {"uv": [8, 9, 9, 9.5], "texture": "#2"},
				"west": {"uv": [8, 9, 8.5, 9.5], "texture": "#2"},
				"up": {"uv": [9, 9, 8, 9.5], "rotation": 180, "texture": "#2"},
				"down": {"uv": [8, 9, 9, 9.5], "texture": "#2"}
			}
		},
		{
			"name": "pickaxe_10",
			"from": [11, 10, 7.5],
			"to": [12, 13, 8.5],
			"faces": {
				"north": {"uv": [5.5, 11, 6, 9.5], "rotation": 180, "texture": "#2"},
				"east": {"uv": [5.5, 9.5, 6, 11], "texture": "#2"},
				"south": {"uv": [5.5, 9.5, 6, 11], "texture": "#2"},
				"west": {"uv": [5.5, 9.5, 6, 11], "texture": "#2"},
				"up": {"uv": [6, 9.5, 5.5, 10], "rotation": 180, "texture": "#2"},
				"down": {"uv": [5.5, 10.5, 6, 11], "texture": "#2"}
			}
		},
		{
			"name": "pickaxe_11",
			"from": [10, 9, 7.5],
			"to": [11, 12, 8.5],
			"faces": {
				"north": {"uv": [5, 11.5, 5.5, 10], "rotation": 180, "texture": "#2"},
				"east": {"uv": [5, 10, 5.5, 11.5], "texture": "#2"},
				"south": {"uv": [5, 10, 5.5, 11.5], "texture": "#2"},
				"west": {"uv": [5, 10, 5.5, 11.5], "texture": "#2"},
				"up": {"uv": [5.5, 10, 5, 10.5], "rotation": 180, "texture": "#2"},
				"down": {"uv": [5, 11, 5.5, 11.5], "texture": "#2"}
			}
		},
		{
			"name": "pickaxe_12",
			"from": [9, 8, 7.5],
			"to": [10, 11, 8.5],
			"faces": {
				"north": {"uv": [4.5, 12, 5, 10.5], "rotation": 180, "texture": "#2"},
				"east": {"uv": [4.5, 10.5, 5, 12], "texture": "#2"},
				"south": {"uv": [4.5, 10.5, 5, 12], "texture": "#2"},
				"west": {"uv": [4.5, 10.5, 5, 12], "texture": "#2"},
				"up": {"uv": [5, 10.5, 4.5, 11], "rotation": 180, "texture": "#2"},
				"down": {"uv": [4.5, 11.5, 5, 12], "texture": "#2"}
			}
		},
		{
			"name": "pickaxe_13",
			"from": [8, 7, 7.5],
			"to": [9, 10, 8.5],
			"faces": {
				"north": {"uv": [4, 12.5, 4.5, 11], "rotation": 180, "texture": "#2"},
				"east": {"uv": [4, 11, 4.5, 12.5], "texture": "#2"},
				"south": {"uv": [4, 11, 4.5, 12.5], "texture": "#2"},
				"west": {"uv": [4, 11, 4.5, 12.5], "texture": "#2"},
				"up": {"uv": [4.5, 11, 4, 11.5], "rotation": 180, "texture": "#2"},
				"down": {"uv": [4, 12, 4.5, 12.5], "texture": "#2"}
			}
		},
		{
			"name": "pickaxe_14",
			"from": [7, 6, 7.5],
			"to": [8, 9, 8.5],
			"faces": {
				"north": {"uv": [3.5, 13, 4, 11.5], "rotation": 180, "texture": "#2"},
				"east": {"uv": [3.5, 11.5, 4, 13], "texture": "#2"},
				"south": {"uv": [3.5, 11.5, 4, 13], "texture": "#2"},
				"west": {"uv": [3.5, 11.5, 4, 13], "texture": "#2"},
				"up": {"uv": [4, 11.5, 3.5, 12], "rotation": 180, "texture": "#2"},
				"down": {"uv": [3.5, 12.5, 4, 13], "texture": "#2"}
			}
		},
		{
			"name": "pickaxe_15",
			"from": [6, 5, 7.5],
			"to": [7, 8, 8.5],
			"faces": {
				"north": {"uv": [3, 13.5, 3.5, 12], "rotation": 180, "texture": "#2"},
				"east": {"uv": [3, 12, 3.5, 13.5], "texture": "#2"},
				"south": {"uv": [3, 12, 3.5, 13.5], "texture": "#2"},
				"west": {"uv": [3, 12, 3.5, 13.5], "texture": "#2"},
				"up": {"uv": [3.5, 12, 3, 12.5], "rotation": 180, "texture": "#2"},
				"down": {"uv": [3, 13, 3.5, 13.5], "texture": "#2"}
			}
		},
		{
			"name": "pickaxe_16",
			"from": [5, 4, 7.5],
			"to": [6, 7, 8.5],
			"faces": {
				"north": {"uv": [2.5, 14, 3, 12.5], "rotation": 180, "texture": "#2"},
				"east": {"uv": [2.5, 12.5, 3, 14], "texture": "#2"},
				"south": {"uv": [2.5, 12.5, 3, 14], "texture": "#2"},
				"west": {"uv": [2.5, 12.5, 3, 14], "texture": "#2"},
				"up": {"uv": [3, 12.5, 2.5, 13], "rotation": 180, "texture": "#2"},
				"down": {"uv": [2.5, 13.5, 3, 14], "texture": "#2"}
			}
		},
		{
			"name": "pickaxe_18",
			"from": [4, 3, 7.5],
			"to": [5, 6, 8.5],
			"faces": {
				"north": {"uv": [2, 14.5, 2.5, 13], "rotation": 180, "texture": "#2"},
				"east": {"uv": [2, 13, 2.5, 14.5], "texture": "#2"},
				"south": {"uv": [2, 13, 2.5, 14.5], "texture": "#2"},
				"west": {"uv": [2, 13, 2.5, 14.5], "texture": "#2"},
				"up": {"uv": [2.5, 13, 2, 13.5], "rotation": 180, "texture": "#2"},
				"down": {"uv": [2, 14, 2.5, 14.5], "texture": "#2"}
			}
		},
		{
			"name": "pickaxe_19",
			"from": [3, 2, 7.5],
			"to": [4, 5, 8.5],
			"faces": {
				"north": {"uv": [1.5, 15, 2, 13.5], "rotation": 180, "texture": "#2"},
				"east": {"uv": [1.5, 13.5, 2, 15], "texture": "#2"},
				"south": {"uv": [1.5, 13.5, 2, 15], "texture": "#2"},
				"west": {"uv": [1.5, 13.5, 2, 15], "texture": "#2"},
				"up": {"uv": [2, 13.5, 1.5, 14], "rotation": 180, "texture": "#2"},
				"down": {"uv": [1.5, 14.5, 2, 15], "texture": "#2"}
			}
		},
		{
			"name": "pickaxe_21",
			"from": [2, 0, 7.5],
			"to": [3, 4, 8.5],
			"faces": {
				"north": {"uv": [1, 16, 1.5, 14], "rotation": 180, "texture": "#2"},
				"east": {"uv": [1, 14, 1.5, 16], "texture": "#2"},
				"south": {"uv": [1, 14, 1.5, 16], "texture": "#2"},
				"west": {"uv": [1, 14, 1.5, 16], "texture": "#2"},
				"up": {"uv": [1.5, 14, 1, 14.5], "rotation": 180, "texture": "#2"},
				"down": {"uv": [1, 15.5, 1.5, 16], "texture": "#2"}
			}
		},
		{
			"name": "pickaxe_22",
			"from": [0, 0, 7.5],
			"to": [2, 3, 8.5],
			"faces": {
				"north": {"uv": [0, 16, 1, 14.5], "rotation": 180, "texture": "#2"},
				"east": {"uv": [0.5, 14.5, 1, 16], "texture": "#2"},
				"south": {"uv": [0, 14.5, 1, 16], "texture": "#2"},
				"west": {"uv": [0, 14.5, 0.5, 16], "texture": "#2"},
				"up": {"uv": [1, 14.5, 0, 15], "rotation": 180, "texture": "#2"},
				"down": {"uv": [0, 15.5, 1, 16], "texture": "#2"}
			}
		},
		{
			"from": [16, -6, 4.5],
			"to": [23, 6, 11.5],
			"rotation": {"angle": 45, "axis": "z", "origin": [0, 0, 0]},
			"faces": {
				"north": {"uv": [0, 3.5, 6, 0], "rotation": 90, "texture": "#3"},
				"east": {"uv": [6, 0, 9.5, 6], "texture": "#3"},
				"south": {"uv": [0, 3.5, 6, 7], "rotation": 90, "texture": "#3"},
				"west": {"uv": [6, 6, 9.5, 12], "texture": "#3"},
				"up": {"uv": [13, 3.5, 9.5, 0], "rotation": 270, "texture": "#3"},
				"down": {"uv": [13, 3.5, 9.5, 7], "rotation": 90, "texture": "#3"}
			}
		},
		{
			"from": [16.5, -6, 11.5009],
			"to": [23.5, 6, 11.5009],
			"rotation": {"angle": 45, "axis": "z", "origin": [0, 0, 0]},
			"faces": {
				"north": {"uv": [0, 10.5, 6, 7], "rotation": 90, "texture": "#3"},
				"east": {"uv": [12.5, 10, 16, 16], "texture": "#3"},
				"south": {"uv": [0, 7, 6, 10.5], "rotation": 90, "texture": "#3"},
				"west": {"uv": [12.5, 10, 16, 16], "texture": "#3"},
				"up": {"uv": [16, 3.5, 13, 0], "texture": "#3"},
				"down": {"uv": [16, 3.5, 13, 7], "texture": "#3"}
			}
		},
		{
			"from": [16.5, -6, 4.499],
			"to": [23.5, 6, 4.499],
			"rotation": {"angle": 45, "axis": "z", "origin": [0, 0, 0]},
			"faces": {
				"north": {"uv": [0, 10.5, 6, 7], "rotation": 90, "texture": "#3"},
				"east": {"uv": [12.5, 10, 16, 16], "texture": "#3"},
				"south": {"uv": [0, 7, 6, 10.5], "rotation": 90, "texture": "#3"},
				"west": {"uv": [12.5, 10, 16, 16], "texture": "#3"},
				"up": {"uv": [16, 3.5, 13, 0], "texture": "#3"},
				"down": {"uv": [16, 3.5, 13, 7], "texture": "#3"}
			}
		}
	],
	"gui_light": "front",
	"display": {
		"thirdperson_righthand": {
			"rotation": [0, -90, 55],
			"translation": [0, 2.5, 0.75],
			"scale": [0.85, 0.85, 0.85]
		},
		"thirdperson_lefthand": {
			"rotation": [0, 90, -55],
			"translation": [0, 2.5, 0.75],
			"scale": [0.85, 0.85, 0.85]
		},
		"firstperson_righthand": {
			"rotation": [0, -90, 25],
			"translation": [1.13, 3.2, 1.13],
			"scale": [0.68, 0.68, 0.68]
		},
		"firstperson_lefthand": {
			"rotation": [0, 90, -25],
			"translation": [1.13, 3.2, 1.13],
			"scale": [0.68, 0.68, 0.68]
		},
		"ground": {
			"translation": [0, 2, 0],
			"scale": [0.5, 0.5, 0.5]
		},
		"gui": {
			"translation": [-1.6, -1.6, 0],
			"scale": [0.797, 0.797, 0.797]
		}
	},
	"groups": [
		{
			"name": "pickaxe",
			"origin": [8, 8, 8],
			"color": 0,
			"children": [0, 1, 2, 3, 4, 5, 6, 7, 8, 9, 10, 11, 12, 13, 14]
		},
		15,
		16,
		17
	]
}