{
	"credit": "Made by Bret06 using Blockbench",
	"textures": {
		"2": "tydiumcraft:item/tool_sets/tydiumcraft/hoe",
		"particle": "tydiumcraft:item/tool_sets/omega/sword"
	},
	"elements": [
		{
			"name": "hoe_0",
			"from": [4, 20, 7.5],
			"to": [9, 22, 8.5],
			"faces": {
				"north": {"uv": [2, 6, 4.5, 5], "rotation": 180, "texture": "#2"},
				"east": {"uv": [4, 5, 4.5, 6], "texture": "#2"},
				"south": {"uv": [2, 5, 4.5, 6], "texture": "#2"},
				"west": {"uv": [2, 5, 2.5, 6], "texture": "#2"},
				"up": {"uv": [4.5, 5, 2, 5.5], "rotation": 180, "texture": "#2"},
				"down": {"uv": [2, 5.5, 4.5, 6], "texture": "#2"}
			}
		},
		{
			"name": "hoe_1",
			"from": [2, 20, 7.5],
			"to": [4, 21, 8.5],
			"faces": {
				"north": {"uv": [1, 6, 2, 5.5], "rotation": 180, "texture": "#2"},
				"east": {"uv": [1.5, 5.5, 2, 6], "texture": "#2"},
				"south": {"uv": [1, 5.5, 2, 6], "texture": "#2"},
				"west": {"uv": [1, 5.5, 1.5, 6], "texture": "#2"},
				"up": {"uv": [2, 5.5, 1, 6], "rotation": 180, "texture": "#2"},
				"down": {"uv": [1, 5.5, 2, 6], "texture": "#2"}
			}
		},
		{
			"name": "hoe_2",
			"from": [9, 19, 7.5],
			"to": [12, 21, 8.5],
			"faces": {
				"north": {"uv": [4.5, 6.5, 6, 5.5], "rotation": 180, "texture": "#2"},
				"east": {"uv": [5.5, 5.5, 6, 6.5], "texture": "#2"},
				"south": {"uv": [4.5, 5.5, 6, 6.5], "texture": "#2"},
				"west": {"uv": [4.5, 5.5, 5, 6.5], "texture": "#2"},
				"up": {"uv": [6, 5.5, 4.5, 6], "rotation": 180, "texture": "#2"},
				"down": {"uv": [4.5, 6, 6, 6.5], "texture": "#2"}
			}
		},
		{
			"name": "hoe_3",
			"from": [8, 19, 7.5],
			"to": [9, 20, 8.5],
			"faces": {
				"north": {"uv": [4, 6.5, 4.5, 6], "rotation": 180, "texture": "#2"},
				"east": {"uv": [4, 6, 4.5, 6.5], "texture": "#2"},
				"south": {"uv": [4, 6, 4.5, 6.5], "texture": "#2"},
				"west": {"uv": [4, 6, 4.5, 6.5], "texture": "#2"},
				"up": {"uv": [4.5, 6, 4, 6.5], "rotation": 180, "texture": "#2"},
				"down": {"uv": [4, 6, 4.5, 6.5], "texture": "#2"}
			}
		},
		{
			"name": "hoe_4",
			"from": [12, 17, 7.5],
			"to": [13, 20, 8.5],
			"faces": {
				"north": {"uv": [6, 7.5, 6.5, 6], "rotation": 180, "texture": "#2"},
				"east": {"uv": [6, 6, 6.5, 7.5], "texture": "#2"},
				"south": {"uv": [6, 6, 6.5, 7.5], "texture": "#2"},
				"west": {"uv": [6, 6, 6.5, 7.5], "texture": "#2"},
				"up": {"uv": [6.5, 6, 6, 6.5], "rotation": 180, "texture": "#2"},
				"down": {"uv": [6, 7, 6.5, 7.5], "texture": "#2"}
			}
		},
		{
			"name": "hoe_5",
			"from": [11, 18, 7.5],
			"to": [12, 19, 8.5],
			"faces": {
				"north": {"uv": [5.5, 7, 6, 6.5], "rotation": 180, "texture": "#2"},
				"east": {"uv": [5.5, 6.5, 6, 7], "texture": "#2"},
				"south": {"uv": [5.5, 6.5, 6, 7], "texture": "#2"},
				"west": {"uv": [5.5, 6.5, 6, 7], "texture": "#2"},
				"up": {"uv": [6, 6.5, 5.5, 7], "rotation": 180, "texture": "#2"},
				"down": {"uv": [5.5, 6.5, 6, 7], "texture": "#2"}
			}
		},
		{
			"name": "hoe_6",
			"from": [13, 16, 7.5],
			"to": [15, 19, 8.5],
			"faces": {
				"north": {"uv": [6.5, 8, 7.5, 6.5], "rotation": 180, "texture": "#2"},
				"east": {"uv": [7, 6.5, 7.5, 8], "texture": "#2"},
				"south": {"uv": [6.5, 6.5, 7.5, 8], "texture": "#2"},
				"west": {"uv": [6.5, 6.5, 7, 8], "texture": "#2"},
				"up": {"uv": [7.5, 6.5, 6.5, 7], "rotation": 180, "texture": "#2"},
				"down": {"uv": [6.5, 7.5, 7.5, 8], "texture": "#2"}
			}
		},
		{
			"name": "hoe_7",
			"from": [15, 14, 7.5],
			"to": [18, 18, 8.5],
			"faces": {
				"north": {"uv": [7.5, 9, 9, 7], "rotation": 180, "texture": "#2"},
				"east": {"uv": [8.5, 7, 9, 9], "texture": "#2"},
				"south": {"uv": [7.5, 7, 9, 9], "texture": "#2"},
				"west": {"uv": [7.5, 7, 8, 9], "texture": "#2"},
				"up": {"uv": [9, 7, 7.5, 7.5], "rotation": 180, "texture": "#2"},
				"down": {"uv": [7.5, 8.5, 9, 9], "texture": "#2"}
			}
		},
		{
			"name": "hoe_8",
			"from": [14, 13, 7.5],
			"to": [15, 16, 8.5],
			"faces": {
				"north": {"uv": [7, 9.5, 7.5, 8], "rotation": 180, "texture": "#2"},
				"east": {"uv": [7, 8, 7.5, 9.5], "texture": "#2"},
				"south": {"uv": [7, 8, 7.5, 9.5], "texture": "#2"},
				"west": {"uv": [7, 8, 7.5, 9.5], "texture": "#2"},
				"up": {"uv": [7.5, 8, 7, 8.5], "rotation": 180, "texture": "#2"},
				"down": {"uv": [7, 9, 7.5, 9.5], "texture": "#2"}
			}
		},
		{
			"name": "hoe_9",
			"from": [13, 12, 7.5],
			"to": [14, 15, 8.5],
			"faces": {
				"north": {"uv": [6.5, 10, 7, 8.5], "rotation": 180, "texture": "#2"},
				"east": {"uv": [6.5, 8.5, 7, 10], "texture": "#2"},
				"south": {"uv": [6.5, 8.5, 7, 10], "texture": "#2"},
				"west": {"uv": [6.5, 8.5, 7, 10], "texture": "#2"},
				"up": {"uv": [7, 8.5, 6.5, 9], "rotation": 180, "texture": "#2"},
				"down": {"uv": [6.5, 9.5, 7, 10], "texture": "#2"}
			}
		},
		{
			"name": "hoe_10",
			"from": [12, 11, 7.5],
			"to": [13, 14, 8.5],
			"faces": {
				"north": {"uv": [6, 10.5, 6.5, 9], "rotation": 180, "texture": "#2"},
				"east": {"uv": [6, 9, 6.5, 10.5], "texture": "#2"},
				"south": {"uv": [6, 9, 6.5, 10.5], "texture": "#2"},
				"west": {"uv": [6, 9, 6.5, 10.5], "texture": "#2"},
				"up": {"uv": [6.5, 9, 6, 9.5], "rotation": 180, "texture": "#2"},
				"down": {"uv": [6, 10, 6.5, 10.5], "texture": "#2"}
			}
		},
		{
			"name": "hoe_11",
			"from": [16, 13, 7.5],
			"to": [17, 14, 8.5],
			"faces": {
				"north": {"uv": [8, 9.5, 8.5, 9], "rotation": 180, "texture": "#2"},
				"east": {"uv": [8, 9, 8.5, 9.5], "texture": "#2"},
				"south": {"uv": [8, 9, 8.5, 9.5], "texture": "#2"},
				"west": {"uv": [8, 9, 8.5, 9.5], "texture": "#2"},
				"up": {"uv": [8.5, 9, 8, 9.5], "rotation": 180, "texture": "#2"},
				"down": {"uv": [8, 9, 8.5, 9.5], "texture": "#2"}
			}
		},
		{
			"name": "hoe_12",
			"from": [11, 10, 7.5],
			"to": [12, 13, 8.5],
			"faces": {
				"north": {"uv": [5.5, 11, 6, 9.5], "rotation": 180, "texture": "#2"},
				"east": {"uv": [5.5, 9.5, 6, 11], "texture": "#2"},
				"south": {"uv": [5.5, 9.5, 6, 11], "texture": "#2"},
				"west": {"uv": [5.5, 9.5, 6, 11], "texture": "#2"},
				"up": {"uv": [6, 9.5, 5.5, 10], "rotation": 180, "texture": "#2"},
				"down": {"uv": [5.5, 10.5, 6, 11], "texture": "#2"}
			}
		},
		{
			"name": "hoe_13",
			"from": [10, 9, 7.5],
			"to": [11, 12, 8.5],
			"faces": {
				"north": {"uv": [5, 11.5, 5.5, 10], "rotation": 180, "texture": "#2"},
				"east": {"uv": [5, 10, 5.5, 11.5], "texture": "#2"},
				"south": {"uv": [5, 10, 5.5, 11.5], "texture": "#2"},
				"west": {"uv": [5, 10, 5.5, 11.5], "texture": "#2"},
				"up": {"uv": [5.5, 10, 5, 10.5], "rotation": 180, "texture": "#2"},
				"down": {"uv": [5, 11, 5.5, 11.5], "texture": "#2"}
			}
		},
		{
			"name": "hoe_14",
			"from": [9, 8, 7.5],
			"to": [10, 11, 8.5],
			"faces": {
				"north": {"uv": [4.5, 12, 5, 10.5], "rotation": 180, "texture": "#2"},
				"east": {"uv": [4.5, 10.5, 5, 12], "texture": "#2"},
				"south": {"uv": [4.5, 10.5, 5, 12], "texture": "#2"},
				"west": {"uv": [4.5, 10.5, 5, 12], "texture": "#2"},
				"up": {"uv": [5, 10.5, 4.5, 11], "rotation": 180, "texture": "#2"},
				"down": {"uv": [4.5, 11.5, 5, 12], "texture": "#2"}
			}
		},
		{
			"name": "hoe_15",
			"from": [8, 7, 7.5],
			"to": [9, 10, 8.5],
			"faces": {
				"north": {"uv": [4, 12.5, 4.5, 11], "rotation": 180, "texture": "#2"},
				"east": {"uv": [4, 11, 4.5, 12.5], "texture": "#2"},
				"south": {"uv": [4, 11, 4.5, 12.5], "texture": "#2"},
				"west": {"uv": [4, 11, 4.5, 12.5], "texture": "#2"},
				"up": {"uv": [4.5, 11, 4, 11.5], "rotation": 180, "texture": "#2"},
				"down": {"uv": [4, 12, 4.5, 12.5], "texture": "#2"}
			}
		},
		{
			"name": "hoe_16",
			"from": [7, 6, 7.5],
			"to": [8, 9, 8.5],
			"faces": {
				"north": {"uv": [3.5, 13, 4, 11.5], "rotation": 180, "texture": "#2"},
				"east": {"uv": [3.5, 11.5, 4, 13], "texture": "#2"},
				"south": {"uv": [3.5, 11.5, 4, 13], "texture": "#2"},
				"west": {"uv": [3.5, 11.5, 4, 13], "texture": "#2"},
				"up": {"uv": [4, 11.5, 3.5, 12], "rotation": 180, "texture": "#2"},
				"down": {"uv": [3.5, 12.5, 4, 13], "texture": "#2"}
			}
		},
		{
			"name": "hoe_17",
			"from": [6, 5, 7.5],
			"to": [7, 8, 8.5],
			"faces": {
				"north": {"uv": [3, 13.5, 3.5, 12], "rotation": 180, "texture": "#2"},
				"east": {"uv": [3, 12, 3.5, 13.5], "texture": "#2"},
				"south": {"uv": [3, 12, 3.5, 13.5], "texture": "#2"},
				"west": {"uv": [3, 12, 3.5, 13.5], "texture": "#2"},
				"up": {"uv": [3.5, 12, 3, 12.5], "rotation": 180, "texture": "#2"},
				"down": {"uv": [3, 13, 3.5, 13.5], "texture": "#2"}
			}
		},
		{
			"name": "hoe_18",
			"from": [5, 4, 7.5],
			"to": [6, 7, 8.5],
			"faces": {
				"north": {"uv": [2.5, 14, 3, 12.5], "rotation": 180, "texture": "#2"},
				"east": {"uv": [2.5, 12.5, 3, 14], "texture": "#2"},
				"south": {"uv": [2.5, 12.5, 3, 14], "texture": "#2"},
				"west": {"uv": [2.5, 12.5, 3, 14], "texture": "#2"},
				"up": {"uv": [3, 12.5, 2.5, 13], "rotation": 180, "texture": "#2"},
				"down": {"uv": [2.5, 13.5, 3, 14], "texture": "#2"}
			}
		},
		{
			"name": "hoe_19",
			"from": [4, 3, 7.5],
			"to": [5, 6, 8.5],
			"faces": {
				"north": {"uv": [2, 14.5, 2.5, 13], "rotation": 180, "texture": "#2"},
				"east": {"uv": [2, 13, 2.5, 14.5], "texture": "#2"},
				"south": {"uv": [2, 13, 2.5, 14.5], "texture": "#2"},
				"west": {"uv": [2, 13, 2.5, 14.5], "texture": "#2"},
				"up": {"uv": [2.5, 13, 2, 13.5], "rotation": 180, "texture": "#2"},
				"down": {"uv": [2, 14, 2.5, 14.5], "texture": "#2"}
			}
		},
		{
			"name": "hoe_20",
			"from": [3, 2, 7.5],
			"to": [4, 5, 8.5],
			"faces": {
				"north": {"uv": [1.5, 15, 2, 13.5], "rotation": 180, "texture": "#2"},
				"east": {"uv": [1.5, 13.5, 2, 15], "texture": "#2"},
				"south": {"uv": [1.5, 13.5, 2, 15], "texture": "#2"},
				"west": {"uv": [1.5, 13.5, 2, 15], "texture": "#2"},
				"up": {"uv": [2, 13.5, 1.5, 14], "rotation": 180, "texture": "#2"},
				"down": {"uv": [1.5, 14.5, 2, 15], "texture": "#2"}
			}
		},
		{
			"name": "hoe_21",
			"from": [2, 0, 7.5],
			"to": [3, 4, 8.5],
			"faces": {
				"north": {"uv": [1, 16, 1.5, 14], "rotation": 180, "texture": "#2"},
				"east": {"uv": [1, 14, 1.5, 16], "texture": "#2"},
				"south": {"uv": [1, 14, 1.5, 16], "texture": "#2"},
				"west": {"uv": [1, 14, 1.5, 16], "texture": "#2"},
				"up": {"uv": [1.5, 14, 1, 14.5], "rotation": 180, "texture": "#2"},
				"down": {"uv": [1, 15.5, 1.5, 16], "texture": "#2"}
			}
		},
		{
			"name": "hoe_22",
			"from": [0, 0, 7.5],
			"to": [2, 3, 8.5],
			"faces": {
				"north": {"uv": [0, 16, 1, 14.5], "rotation": 180, "texture": "#2"},
				"east": {"uv": [0.5, 14.5, 1, 16], "texture": "#2"},
				"south": {"uv": [0, 14.5, 1, 16], "texture": "#2"},
				"west": {"uv": [0, 14.5, 0.5, 16], "texture": "#2"},
				"up": {"uv": [1, 14.5, 0, 15], "rotation": 180, "texture": "#2"},
				"down": {"uv": [0, 15.5, 1, 16], "texture": "#2"}
			}
		}
	],
	"gui_light": "front",
	"display": {
		"thirdperson_righthand": {
			"rotation": [0, -90, 55],
			"translation": [0, 2.5, 0.75],
			"scale": [0.85, 0.85, 0.85]
		},
		"thirdperson_lefthand": {
			"rotation": [0, 90, -55],
			"translation": [0, 2.5, 0.75],
			"scale": [0.85, 0.85, 0.85]
		},
		"firstperson_righthand": {
			"rotation": [0, -90, 25],
			"translation": [1.13, 3.2, 1.13],
			"scale": [0.68, 0.68, 0.68]
		},
		"firstperson_lefthand": {
			"rotation": [0, 90, -25],
			"translation": [1.13, 3.2, 1.13],
			"scale": [0.68, 0.68, 0.68]
		},
		"ground": {
			"translation": [0, 2, 0],
			"scale": [0.5, 0.5, 0.5]
		},
		"gui": {
			"translation": [-0.85, -2.15, 0],
			"scale": [0.725, 0.725, 0.725]
		}
	},
	"groups": [
		{
			"name": "hoe",
			"origin": [8, 8, 8],
			"color": 0,
			"nbt": "{}",
			"armAnimationEnabled": false,
			"children": [0, 1, 2, 3, 4, 5, 6, 7, 8, 9, 10, 11, 12, 13, 14, 15, 16, 17, 18, 19, 20, 21, 22]
		}
	]
}