{
    "parent": "item/generated",
    "textures": {
        "layer0": "item/bow"
    },
    "display": {
        "thirdperson_righthand": {
            "rotation": [ -80, 260, -40 ],
            "translation": [ -1, -2, 2.5 ],
            "scale": [ 0.9, 0.9, 0.9 ]
        },
        "thirdperson_lefthand": {
            "rotation": [ -80, -280, 40 ],
            "translation": [ -1, -2, 2.5 ],
            "scale": [ 0.9, 0.9, 0.9 ]
        },
        "firstperson_righthand": {
            "rotation": [ 0, -90, 25 ],
            "translation": [ 1.13, 3.2, 1.13],
            "scale": [ 0.68, 0.68, 0.68 ]
        },
        "firstperson_lefthand": {
            "rotation": [ 0, 90, -25 ],
            "translation": [ 1.13, 3.2, 1.13],
            "scale": [ 0.68, 0.68, 0.68 ]
        }
    },
    "overrides": [
        {
            "predicate": {
                "pulling": 1
            },
            "model": "item/bow_pulling_0"
        },
        {
            "predicate": {
                "pulling": 1,
                "pull": 0.65
            },
            "model": "item/bow_pulling_1"
        },
        {
            "predicate": {
                "pulling": 1,
                "pull": 0.9
            },
            "model": "item/bow_pulling_2"
        },
        {
            "model": "tydiumcraft:item/tool_sets/panda/bow",
            "predicate": {
              "custom_model_data": 16
            }
        },
        {
            "model": "tydiumcraft:item/tool_sets/panda/bow_pulling_0",
            "predicate": {
              "custom_model_data": 16,
              "pulling": 1
            }
        },
        {
            "model": "tydiumcraft:item/tool_sets/panda/bow_pulling_1",
            "predicate": {
              "custom_model_data": 16,
              "pulling": 1,
              "pull": 0.65
            }
        },
        {
            "model": "tydiumcraft:item/tool_sets/panda/bow_pulling_2",
            "predicate": {
              "custom_model_data": 16,
              "pulling": 1,
              "pull": 0.9
            }
        },
        {
            "model": "tydiumcraft:item/tool_sets/tydiumcraft/bow",
            "predicate": {
              "custom_model_data": 32
            }
        },
        {
            "model": "tydiumcraft:item/tool_sets/tydiumcraft/bow_pulling_0",
            "predicate": {
              "custom_model_data": 32,
              "pulling": 1
            }
        },
        {
            "model": "tydiumcraft:item/tool_sets/tydiumcraft/bow_pulling_1",
            "predicate": {
              "custom_model_data": 32,
              "pulling": 1,
              "pull": 0.65
            }
        },
        {
            "model": "tydiumcraft:item/tool_sets/tydiumcraft/bow_pulling_2",
            "predicate": {
              "custom_model_data": 32,
              "pulling": 1,
              "pull": 0.9
            }
        },
        {
            "model": "tydiumcraft:item/tool_sets/cake/bow",
            "predicate": {
              "custom_model_data": 48
            }
        },
        {
            "model": "tydiumcraft:item/tool_sets/cake/bow_pulling_0",
            "predicate": {
              "custom_model_data": 48,
              "pulling": 1
            }
        },
        {
            "model": "tydiumcraft:item/tool_sets/cake/bow_pulling_1",
            "predicate": {
              "custom_model_data": 48,
              "pulling": 1,
              "pull": 0.65
            }
        },
        {
            "model": "tydiumcraft:item/tool_sets/cake/bow_pulling_2",
            "predicate": {
              "custom_model_data": 48,
              "pulling": 1,
              "pull": 0.9
            }
        },
        {
            "model": "tydiumcraft:item/tool_sets/cookie/bow",
            "predicate": {
              "custom_model_data": 64
            }
        },
        {
            "model": "tydiumcraft:item/tool_sets/cookie/bow_pulling_0",
            "predicate": {
              "custom_model_data": 64,
              "pulling": 1
            }
        },
        {
            "model": "tydiumcraft:item/tool_sets/cookie/bow_pulling_1",
            "predicate": {
              "custom_model_data": 64,
              "pulling": 1,
              "pull": 0.65
            }
        },
        {
            "model": "tydiumcraft:item/tool_sets/cookie/bow_pulling_2",
            "predicate": {
              "custom_model_data": 64,
              "pulling": 1,
              "pull": 0.9
            }
        },
        {
          "model": "tydiumcraft:item/tool_sets/midnight/bow",
          "predicate": {
            "custom_model_data": 80
          }
      },
      {
          "model": "tydiumcraft:item/tool_sets/midnight/bow_pulling_0",
          "predicate": {
            "custom_model_data": 80,
            "pulling": 1
          }
      },
      {
          "model": "tydiumcraft:item/tool_sets/midnight/bow_pulling_1",
          "predicate": {
            "custom_model_data": 80,
            "pulling": 1,
            "pull": 0.65
          }
      },
      {
          "model": "tydiumcraft:item/tool_sets/midnight/bow_pulling_2",
          "predicate": {
            "custom_model_data": 80,
            "pulling": 1,
            "pull": 0.9
          }
      }
    ]
}
