{
  "overrides": [
    {
      "model": "tydiumcraft:item/tool_sets/panda/pickaxe",
      "predicate": {
        "custom_model_data": 16
      }
    },
    {
      "model": "tydiumcraft:item/tool_sets/tydiumcraft/pickaxe",
      "predicate": {
        "custom_model_data": 32
      }
    },
    {
      "model": "tydiumcraft:item/tool_sets/cake/pickaxe",
      "predicate": {
        "custom_model_data": 48
      }
    },
    {
      "model": "tydiumcraft:item/tool_sets/cookie/pickaxe",
      "predicate": {
        "custom_model_data": 64
      }
    },
    {
      "model": "tydiumcraft:item/tool_sets/midnight/pickaxe",
      "predicate": {
        "custom_model_data": 80
      }
    }
  ],
  "parent": "minecraft:item/handheld",
  "textures": {
    "layer0": "minecraft:item/diamond_pickaxe"
  }
}