{
    "parent": "item/generated",
    "textures": {
        "layer0": "item/music_disc_11"
    },
    "overrides": [
        {
            "predicate": {
                "custom_model_data": 1
            },
            "model": "tydiumcraft:item/music_disc_chineseanthem"
        },
        {
            "predicate": {
                "custom_model_data": 2
            },
            "model": "tydiumcraft:item/music_disc_cfouroneeightdog"
        },
        {
            "predicate": {
                "custom_model_data": 3
            },
            "model": "tydiumcraft:item/music_disc_pizzaparkeronemufilovetydium"
        },
        {
            "predicate": {
                "custom_model_data": 4
            },
            "model": "tydiumcraft:item/music_disc_jackalannonymous"
        },
        {
            "predicate": {
                "custom_model_data": 5
            },
            "model": "tydiumcraft:item/music_disc_tobyfoxmegalovania"
        }
    ]
}