{
  "overrides": [
    {
      "model": "tydiumcraft:item/tool_sets/panda/shovel",
      "predicate": {
        "custom_model_data": 16
      }
    },
    {
      "model": "tydiumcraft:item/tool_sets/tydiumcraft/shovel",
      "predicate": {
        "custom_model_data": 32
      }
    },
    {
      "model": "tydiumcraft:item/tool_sets/cake/shovel",
      "predicate": {
        "custom_model_data": 48
      }
    },
    {
      "model": "tydiumcraft:item/tool_sets/cookie/shovel",
      "predicate": {
        "custom_model_data": 64
      }
    },
    {
      "model": "tydiumcraft:item/tool_sets/midnight/shovel",
      "predicate": {
        "custom_model_data": 80
      }
    }
  ],
  "parent": "minecraft:item/handheld",
  "textures": {
    "layer0": "minecraft:item/netherite_shovel"
  }
}